idiom,dict_page,pdf_page,raw_entry_head
an A for effort,1,16,an A for effort
(a little) new to (all) this,1,16,(a little) new to (all) this
abide by something,1,16,abide by something
able to breathe (easily) again,1,16,able to breathe (easily) again and able to breathe (freely) again
able to breathe (freely) again,1,16,able to breathe (easily) again and able to breathe (freely) again
able to do something blindfolded,1,16,able to do something blindfolded and able to do something standing on one’s head
able to do something standing on one’s head,1,16,able to do something blindfolded and able to do something standing on one’s head
able to do something with one’s eyes closed,1,16,able to do something with one’s eyes closed
able to fog a mirror,1,16,able to fog a mirror
able to make something,1,16,able to make something
able to take a joke,1,16,able to take a joke
able to take just so much,1,16,able to take just so much
able to take something,2,17,able to take something
above and beyond (something),2,17,above and beyond (something)
(above and) beyond the call of duty,2,17,(above and) beyond the call of duty
above average,2,17,above average
above par,2,17,above par
above reproach,2,17,above reproach
above suspicion,2,17,above suspicion
aboveboard,2,17,aboveboard and honest and aboveboard; open and aboveboard
honest and aboveboard,2,17,aboveboard and honest and aboveboard; open and aboveboard
open and aboveboard,2,17,aboveboard and honest and aboveboard; open and aboveboard
absent without leave,2,17,absent without leave and AWOL
AWOL,2,17,absent without leave and AWOL
according to all accounts,2,17,according to all accounts and by all accounts
by all accounts,2,17,according to all accounts and by all accounts
according to Hoyle,2,17,according to Hoyle
according to one’s own lights,2,17,according to one’s own lights
according to someone or something,2,17,according to someone or something
according to something,2,17,according to something
accustomed to someone or something,3,18,accustomed to someone or something
an aching heart,3,18,an aching heart
acid test,3,18,acid test
acknowledge receipt (of something),3,18,acknowledge receipt (of something)
acknowledge someone to be right,3,18,acknowledge someone to be right
acquire a taste for something,3,18,acquire a taste for something
across the board,3,18,across the board
act as someone,3,18,act as someone
act high-and-mighty,3,18,act high-and-mighty
act one’s age,3,18,act one’s age
act something out,3,18,act something out
act up,3,18,act up
Actions speak louder than words.,4,19,Actions speak louder than words.
add fuel to the fire,4,19,add fuel to the fire and add fuel to the flame
add fuel to the flame,4,19,add fuel to the fire and add fuel to the flame
add insult to injury,4,19,add insult to injury
add up (to something),4,19,add up (to something) 1.
address someone as something,4,19,address someone as something 1.
advanced in years,4,19,advanced in years
advise against something,4,19,advise against something
advise someone against doing something,4,19,advise someone against doing something
afraid of one’s own shadow,4,19,afraid of one’s own shadow
after a fashion,4,19,after a fashion
after all,4,19,after all 1.
after all is said and done,4,19,after all is said and done
after hours,4,19,after hours
after the fact,4,19,after the fact
after the fashion of someone or something,5,20,after the fashion of someone or something
again and again,5,20,again and again
against someone’s will,5,20,against someone’s will
against the clock,5,20,against the clock
ahead of one’s time,5,20,ahead of one’s time
ahead of schedule,5,20,ahead of schedule
ahead of the game,5,20,ahead of the game
ahead of time,5,20,ahead of time
aid and abet someone,5,20,aid and abet someone
aim to do something,5,20,aim to do something
Ain’t it the truth?,5,20,Ain’t it the truth?
air one’s dirty linen in public,5,20,air one’s dirty linen in public and wash one’s dirty linen in public
wash one’s dirty linen in public,5,20,air one’s dirty linen in public and wash one’s dirty linen in public
air one’s grievances,5,20,air one’s grievances
air something out,5,20,air something out
alive and kicking,6,21,alive and kicking and alive and well
alive and well,6,21,alive and kicking and alive and well
alive with someone or something,6,21,alive with someone or something
all and sundry,6,21,all and sundry
all around Robin Hood’s barn,6,21,all around Robin Hood’s barn
all at once,6,21,all at once 1.
(all) at sea (about something),6,21,(all) at sea (about something)
(all) balled up,6,21,(all) balled up
(all) beer and skittles,6,21,(all) beer and skittles
all better now,6,21,all better now
all day long,6,21,all day long
all dressed up,6,21,all dressed up
all for something,6,21,all for something
(all) for the best,6,21,(all) for the best
all gone,6,21,all gone
all in,6,21,all in
all in a day’s work,6,21,all in a day’s work
all in all,6,21,all in all
all in good time,7,22,all in good time
(all) in one breath,7,22,(all) in one breath
all in one piece,7,22,all in one piece
(all) in the family,7,22,(all) in the family
(all) joking aside,7,22,(all) joking aside and (all) kidding aside
(all) kidding aside,7,22,(all) joking aside and (all) kidding aside
all kinds of someone or something,7,22,all kinds of someone or something
all manner of someone or something,7,22,all manner of someone or something
all night long,7,22,all night long
all of a sudden,7,22,all of a sudden
all or nothing,7,22,all or nothing 1.
an all-out effort,7,22,an all-out effort
all-out war,7,22,all-out war
all over,7,22,all over 1.
(all) over again,7,22,(all) over again
all over but the shouting,7,22,all over but the shouting
all over the earth,8,23,all over the earth and all over the world
all over the world,8,23,all over the earth and all over the world
all over the place,8,23,all over the place
all over town,8,23,all over town 1.
(all) over with,8,23,(all) over with
all right,8,23,all right 1.
All right for you!,8,23,All right for you!
all right with someone,8,23,all right with someone
all set,8,23,all set
(all) set to do something,8,23,(all) set to do something
(all) shot to hell,8,23,(all) shot to hell
(all) skin and bones,8,23,(all) skin and bones
all sweetness and light,8,23,all sweetness and light
all systems (are) go,8,23,all systems (are) go
all talk (and no action),8,23,all talk (and no action)
All that glitters is not gold.,8,23,All that glitters is not gold.
all the livelong day,8,23,all the livelong day
all the rage,8,23,all the rage
all the same,8,23,all the same and just the same
just the same,8,23,all the same and just the same
all the same (to someone),9,24,all the same (to someone) and just the same (to someone)
just the same (to someone),9,24,all the same (to someone) and just the same (to someone)
all the time,9,24,all the time 1.
all the way,9,24,all the way
all thumbs,9,24,all thumbs
all told,9,24,all told
all to the good,9,24,all to the good
(all) tuckered out,9,24,(all) tuckered out
all walks of life,9,24,all walks of life
(all) well and good,9,24,(all) well and good
all wet,9,24,all wet
all wool and a yard wide,9,24,all wool and a yard wide
All work and no play makes Jack a dull boy.,9,24,All work and no play makes Jack a dull boy.
(all) worked up (about something),9,24,(all) worked up (about something)
(all) worked up (over something),9,24,(all) worked up (over something) and (all) worked up (about something)
(all) year round,9,24,(all) year round
allow for someone or something,9,24,allow for someone or something 1.
All’s well that ends well.,10,25,All’s well that ends well.
almost lost it,10,25,almost lost it
along in years,10,25,along in years
along with someone or something,10,25,along with someone or something
alongside (of) someone or something,10,25,alongside (of) someone or something
alpha and omega,10,25,alpha and omega
amount to something,10,25,amount to something
amount to the same thing,10,25,amount to the same thing and come to the same thing
come to the same thing,10,25,amount to the same thing and come to the same thing
and change,10,25,and change
and so forth,10,25,and so forth
and something to spare,10,25,and something to spare and with something to spare
with something to spare,10,25,and something to spare and with something to spare
and so on,10,25,and so on
and the like,10,25,and the like
and then some,10,25,and then some
and what have you,11,26,and what have you
angry enough to chew nails,11,26,angry enough to chew nails
another country heard from,11,26,another country heard from
(another) nail in someone’s or something’s coffin,11,26,(another) nail in someone’s or something’s coffin
answer for someone or something,11,26,answer for someone or something
answer someone’s purpose,11,26,answer someone’s purpose and serve someone’s purpose
serve someone’s purpose,11,26,answer someone’s purpose and serve someone’s purpose
answer the door,11,26,answer the door
answer to someone,11,26,answer to someone
any number of someone or something,11,26,any number of someone or something
Any port in a storm.,11,26,Any port in a storm.
appear as something,11,26,appear as something
appear out of nowhere,11,26,appear out of nowhere
apples and oranges,11,26,apples and oranges
arguing for the sake of arguing,11,26,arguing for the sake of arguing and arguing for the sake of argument
arguing for the sake of argument,11,26,arguing for the sake of arguing and arguing for the sake of argument
arm in arm,11,26,arm in arm
armed and dangerous,12,27,armed and dangerous
armed to the teeth,12,27,armed to the teeth
(a)round the clock,12,27,(a)round the clock
(a)round-the-clock,12,27,(a)round-the-clock
arrange something with someone,12,27,arrange something with someone 1. and arrange to do something with someone
arrange to do something with someone,12,27,arrange something with someone 1. and arrange to do something with someone
arrive in a body,12,27,arrive in a body
arrive on the scene,12,27,arrive on the scene
as a duck takes to water,12,27,as a duck takes to water
as a (general) rule,12,27,as a (general) rule
as a last resort,12,27,as a last resort
as alike as (two) peas in a pod,12,27,as alike as (two) peas in a pod
as a matter of course,12,27,as a matter of course
as a matter of fact,12,27,as a matter of fact
as an aside,12,27,as an aside
as a result of something,12,27,as a result of something
as a token (of something),12,27,as a token (of something)
(as) awkward as a cow on a crutch,12,27,(as) awkward as a cow on a crutch and (as) awkward as a cow on roller skates
(as) awkward as a cow on roller skates,12,27,(as) awkward as a cow on a crutch and (as) awkward as a cow on roller skates
(as) bad as all that,13,28,(as) bad as all that
(as) bald as a baby’s backside,13,28,(as) bald as a baby’s backside
(as) bald as a coot,13,28,(as) bald as a coot and (as) bald as a baby’s backside
(as) baleful as death,13,28,(as) baleful as death
(as) big as all outdoors,13,28,(as) big as all outdoors
(as) big as life,13,28,(as) big as life and (as) big as life and twice as ugly
(as) big as life and twice as ugly,13,28,(as) big as life and (as) big as life and twice as ugly
(as) black as a skillet,13,28,(as) black as a skillet
(as) black as a stack of black cats,13,28,(as) black as a stack of black cats
(as) black as a sweep,13,28,(as) black as a sweep
(as) black as coal,13,28,(as) black as coal
(as) black as night,13,28,(as) black as night
(as) black as one is painted,13,28,(as) black as one is painted
(as) black as pitch,13,28,(as) black as pitch
(as) black as the ace of spades,13,28,(as) black as the ace of spades
(as) blind as a bat,13,28,(as) blind as a bat
(as) bold as brass,13,28,(as) bold as brass
(as) bright as a button,13,28,(as) bright as a button
(as) bright as a new pin,13,28,(as) bright as a new pin
(as) broad as a barn door,13,28,(as) broad as a barn door
(as) busy as a beaver,14,29,(as) busy as a beaver and (as) busy as a bee
(as) busy as a bee,14,29,(as) busy as a beaver and (as) busy as a bee
(as) busy as a cat on a hot tin roof,14,29,(as) busy as a cat on a hot tin roof
(as) busy as a hibernating bear,14,29,(as) busy as a hibernating bear
(as) busy as a one-armed paperhanger,14,29,(as) busy as a one-armed paperhanger
(as) busy as Grand Central Station,14,29,(as) busy as Grand Central Station
(as) busy as popcorn on a skillet,14,29,(as) busy as popcorn on a skillet
(as) calm as a toad in the sun,14,29,(as) calm as a toad in the sun
(as) clean as a hound’s tooth,14,29,(as) clean as a hound’s tooth
(as) clean as a whistle,14,29,(as) clean as a whistle
(as) clear as a bell,14,29,(as) clear as a bell
(as) clear as crystal,14,29,(as) clear as crystal 1.
(as) clear as mud,14,29,(as) clear as mud
(as) clear as vodka,14,29,(as) clear as vodka 1.
(as) close as two coats of paint,14,29,(as) close as two coats of paint
(as) cocky as the king of spades,14,29,(as) cocky as the king of spades
(as) cold as a witch’s caress,14,29,(as) cold as a witch’s caress and (as) cold as a witch’s tit
(as) cold as a witch’s tit,14,29,(as) cold as a witch’s caress and (as) cold as a witch’s tit
(as) cold as marble,14,29,(as) cold as marble
(as) comfortable as an old shoe,15,30,(as) comfortable as an old shoe
(as) common as an old shoe,15,30,(as) common as an old shoe
(as) common as dirt,15,30,(as) common as dirt
(as) conceited as a barber’s cat,15,30,(as) conceited as a barber’s cat
(as) cool as a cucumber,15,30,(as) cool as a cucumber
(as) crazy as a betsy bug,15,30,(as) crazy as a betsy bug
(as) crazy as a loon,15,30,(as) crazy as a loon
(as) crazy as a peach-orchard boar,15,30,(as) crazy as a peach-orchard boar
(as) crooked as a barrel of fishhooks,15,30,(as) crooked as a barrel of fishhooks and (as) crooked as a fishhook
(as) crooked as a fishhook,15,30,(as) crooked as a barrel of fishhooks and (as) crooked as a fishhook
(as) crooked as a dog’s hind leg,15,30,(as) crooked as a dog’s hind leg
(as) dead as a dodo,15,30,(as) dead as a dodo
(as) dead as a doornail,15,30,(as) dead as a doornail
(as) deaf as a post,15,30,(as) deaf as a post
(as) different as night and day,15,30,(as) different as night and day
(as) drunk as a lord,15,30,(as) drunk as a lord and (as) drunk as a skunk
(as) drunk as a skunk,15,30,(as) drunk as a lord and (as) drunk as a skunk
(as) dry as a bone,15,30,(as) dry as a bone
(as) dry as dust,15,30,(as) dry as dust 1.
(as) dull as dishwater,16,31,(as) dull as dishwater and (as) dull as ditchwater
(as) dull as ditchwater,16,31,(as) dull as dishwater and (as) dull as ditchwater
(as) easy as ABC,16,31,(as) easy as ABC
(as) easy as (apple) pie,16,31,(as) easy as (apple) pie
(as) easy as duck soup,16,31,(as) easy as duck soup
(as) easy as falling off a log,16,31,(as) easy as falling off a log and (as) easy as rolling off a log
(as) easy as rolling off a log,16,31,(as) easy as falling off a log and (as) easy as rolling off a log
(as) exciting as watching (the) paint dry,16,31,(as) exciting as watching (the) paint dry
(as) far as anyone knows,16,31,(as) far as anyone knows and so far as anyone knows
so far as anyone knows,16,31,(as) far as anyone knows and so far as anyone knows
as far as it goes,16,31,as far as it goes
as far as possible,16,31,as far as possible and so far as possible
so far as possible,16,31,as far as possible and so far as possible
(as) far as someone or something is concerned,16,31,(as) far as someone or something is concerned and so far as someone or something is concerned 1.
so far as someone or something is concerned,16,31,(as) far as someone or something is concerned and so far as someone or something is concerned 1.
(as) fat as a pig,16,31,(as) fat as a pig
(as) fit as a fiddle,16,31,(as) fit as a fiddle
(as) flat as a board,16,31,(as) flat as a board
(as) flat as a pancake,16,31,(as) flat as a pancake
as for someone or something,16,31,as for someone or something 1. and as to someone or something
as to someone or something,16,31,as for someone or something 1. and as to someone or something
(as) free as a bird,17,32,(as) free as a bird
(as) free as (the) air,17,32,(as) free as (the) air
(as) fresh as a daisy,17,32,(as) fresh as a daisy
(as) full as a tick,17,32,(as) full as a tick and (as) tight as a tick
(as) tight as a tick,17,32,(as) full as a tick and (as) tight as a tick
(as) funny as a barrel of monkeys,17,32,(as) funny as a barrel of monkeys and more fun than a barrel of monkeys
more fun than a barrel of monkeys,17,32,(as) funny as a barrel of monkeys and more fun than a barrel of monkeys
(as) funny as a crutch,17,32,(as) funny as a crutch
(as) gaudy as a butterfly,17,32,(as) gaudy as a butterfly
(as) gentle as a lamb,17,32,(as) gentle as a lamb
(as) good as done,17,32,(as) good as done
(as) good as gold,17,32,(as) good as gold
as good as one’s word,17,32,as good as one’s word
(as) graceful as a swan,17,32,(as) graceful as a swan
(as) gruff as a bear,17,32,(as) gruff as a bear
(as) happy as a clam,17,32,(as) happy as a clam
(as) happy as a lark,17,32,(as) happy as a lark
(as) happy as can be,17,32,(as) happy as can be
(as) hard as a rock,17,32,(as) hard as a rock and (as) hard as stone
(as) hard as stone,17,32,(as) hard as a rock and (as) hard as stone
(as) hard as nails,17,32,(as) hard as nails
(as) high as a kite,18,33,(as) high as a kite and (as) high as the sky 1.
(as) high as the sky,18,33,(as) high as a kite and (as) high as the sky 1.
(as) hoarse as a crow,18,33,(as) hoarse as a crow
(as) hot as fire,18,33,(as) hot as fire
(as) hot as hell,18,33,(as) hot as hell
(as) hungry as a bear,18,33,(as) hungry as a bear
(as) hungry as a hunter,18,33,(as) hungry as a hunter
as I expected,18,33,as I expected
(as) innocent as a lamb,18,33,(as) innocent as a lamb
as it were,18,33,as it were
(as) large as life,18,33,(as) large as life
(as) light as a feather,18,33,(as) light as a feather
(as) likely as not,18,33,(as) likely as not
as long as,18,33,as long as 1. and so long as
so long as,18,33,as long as 1. and so long as
as luck would have it,18,33,as luck would have it
(as) mad as a hatter,18,33,(as) mad as a hatter 1.
(as) mad as a hornet,18,33,(as) mad as a hornet
(as) mad as a March hare,18,33,(as) mad as a March hare
(as) mad as a wet hen,19,34,(as) mad as a wet hen
(as) mad as hell,19,34,(as) mad as hell
(as) meek as a lamb,19,34,(as) meek as a lamb
(as) merry as a cricket,19,34,(as) merry as a cricket
(as) merry as the day is long,19,34,(as) merry as the day is long
as much fun as a barrel of monkeys,19,34,as much fun as a barrel of monkeys
(as) naked as a jaybird,19,34,(as) naked as a jaybird
(as) neat as a pin,19,34,(as) neat as a pin
(as) nutty as a fruitcake,19,34,(as) nutty as a fruitcake
(as) old as the hills,19,34,(as) old as the hills
as one,19,34,as one
(as) pale as a ghost,19,34,(as) pale as a ghost
(as) pale as death,19,34,(as) pale as death
(as) patient as Job,19,34,(as) patient as Job
(as) phony as a three-dollar bill,19,34,(as) phony as a three-dollar bill
(as) plain as a pikestaff,19,34,(as) plain as a pikestaff
(as) plain as day,19,34,(as) plain as day 1.
(as) plain as the nose on one’s face,19,34,(as) plain as the nose on one’s face
(as) pleased as punch,20,35,(as) pleased as punch
(as) poor as a church mouse,20,35,(as) poor as a church mouse
(as) pretty as a picture,20,35,(as) pretty as a picture
(as) proud as a peacock,20,35,(as) proud as a peacock
(as) pure as the driven snow,20,35,(as) pure as the driven snow
(as) queer as a three-dollar bill,20,35,(as) queer as a three-dollar bill
(as) quick as a flash,20,35,(as) quick as a flash
(as) quick as a wink,20,35,(as) quick as a wink and (as) quick as a flash
(as) quick as greased lightning,20,35,(as) quick as greased lightning
(as) quiet as a mouse,20,35,(as) quiet as a mouse
(as) quiet as the grave,20,35,(as) quiet as the grave
(as) red as a cherry,20,35,(as) red as a cherry
(as) red as a poppy,20,35,(as) red as a poppy
(as) red as a rose,20,35,(as) red as a rose
(as) red as a ruby,20,35,(as) red as a ruby
(as) red as blood,20,35,(as) red as blood
(as) regular as clockwork,20,35,(as) regular as clockwork
(as) right as rain,20,35,(as) right as rain
(as) scarce as hens’ teeth,20,35,(as) scarce as hens’ teeth and scarcer than hens’ teeth
scarcer than hens’ teeth,20,35,(as) scarce as hens’ teeth and scarcer than hens’ teeth
(as) sharp as a razor,21,36,(as) sharp as a razor 1.
(as) sharp as a tack,21,36,(as) sharp as a tack
(as) sick as a dog,21,36,(as) sick as a dog
(as) silent as the dead,21,36,(as) silent as the dead and (as) silent as the grave
(as) silent as the grave,21,36,(as) silent as the dead and (as) silent as the grave
(as) silly as a goose,21,36,(as) silly as a goose
(as) slick as a whistle,21,36,(as) slick as a whistle
(as) slippery as an eel,21,36,(as) slippery as an eel
(as) slow as molasses in January,21,36,(as) slow as molasses in January and slower than molasses in January
slower than molasses in January,21,36,(as) slow as molasses in January and slower than molasses in January
(as) sly as a fox,21,36,(as) sly as a fox
(as) smooth as glass,21,36,(as) smooth as glass
(as) smooth as silk,21,36,(as) smooth as silk
(as) snug as a bug in a rug,21,36,(as) snug as a bug in a rug
(as) sober as a judge,21,36,(as) sober as a judge 1.
(as) soft as a baby’s bottom,21,36,(as) soft as a baby’s bottom
(as) soft as down,21,36,(as) soft as down
(as) soft as silk,21,36,(as) soft as silk
(as) soft as velvet,21,36,(as) soft as velvet
(as) solid as a rock,22,37,(as) solid as a rock
as soon as,22,37,as soon as
(as) soon as possible,22,37,(as) soon as possible
(as) sound as a dollar,22,37,(as) sound as a dollar 1.
(as) sour as vinegar,22,37,(as) sour as vinegar
(as) steady as a rock,22,37,(as) steady as a rock
(as) stiff as a poker,22,37,(as) stiff as a poker
(as) still as death,22,37,(as) still as death
(as) straight as an arrow,22,37,(as) straight as an arrow 1.
(as) strong as a horse,22,37,(as) strong as a horse
(as) strong as a lion,22,37,(as) strong as a lion
(as) strong as an ox,22,37,(as) strong as an ox
(as) stubborn as a mule,22,37,(as) stubborn as a mule
as such,22,37,as such
(as) sure as death,22,37,(as) sure as death
(as) sweet as honey,22,37,(as) sweet as honey and (as) sweet as sugar 1.
(as) sweet as sugar,22,37,(as) sweet as honey and (as) sweet as sugar 1.
(as) swift as an arrow,22,37,(as) swift as an arrow
(as) swift as the wind,22,37,(as) swift as the wind
(as) swift as thought,23,38,(as) swift as thought
as the crow flies,23,38,as the crow flies
(as) thick as pea soup,23,38,(as) thick as pea soup
(as) thick as thieves,23,38,(as) thick as thieves
(as) tight as a drum,23,38,(as) tight as a drum 1.
(as) tight as Dick’s hatband,23,38,(as) tight as Dick’s hatband
(as) tough as an old boot,23,38,(as) tough as an old boot 1.
(as) true as steel,23,38,(as) true as steel
(as) ugly as a toad,23,38,(as) ugly as a toad
(as) ugly as sin,23,38,(as) ugly as sin
as usual,23,38,as usual
(as) warm as toast,23,38,(as) warm as toast
(as) weak as a baby,23,38,(as) weak as a baby
(as) weak as a kitten,23,38,(as) weak as a kitten
as well,23,38,as well
as well as,23,38,as well as 1.
(as) white as a ghost,23,38,(as) white as a ghost and (as) pale as a ghost
(as) white as a sheet,23,38,(as) white as a sheet
(as) white as the driven snow,23,38,(as) white as the driven snow
(as) wise as an owl,24,39,(as) wise as an owl
(as) wise as Solomon,24,39,(as) wise as Solomon
aside from someone or something,24,39,aside from someone or something
ask for something,24,39,ask for something
ask for the moon,24,39,ask for the moon
ask for trouble,24,39,ask for trouble and look for trouble
look for trouble,24,39,ask for trouble and look for trouble
ask someone out,24,39,ask someone out
asleep at the switch,24,39,asleep at the switch
assault and battery,24,39,assault and battery
assault the ears,24,39,assault the ears
assemble a case (against someone),24,39,assemble a case (against someone)
assume liability,24,39,assume liability
at all,24,39,at all
at all costs,24,39,at all costs and at any cost
at any cost,24,39,at all costs and at any cost
at all times,24,39,at all times
at a loss (for words),24,39,at a loss (for words)
at an early date,24,39,at an early date
at any rate,24,39,at any rate
at a premium,24,39,at a premium
at a set time,25,40,at a set time
at a sitting,25,40,at a sitting
at a snail’s pace,25,40,at a snail’s pace
at a stretch,25,40,at a stretch
at bay,25,40,at bay
at best,25,40,at best and at most
at most,25,40,at best and at most
at close range,25,40,at close range
at cross-purposes,25,40,at cross-purposes
at death’s door,25,40,at death’s door
at ease,25,40,at ease
at every turn,25,40,at every turn
at face value,25,40,at face value
at first,25,40,at first
at first blush,25,40,at first blush
at first glance,25,40,at first glance and at first blush
(at) full blast,25,40,(at) full blast
at full speed,25,40,at full speed and at full tilt
at full tilt,25,40,at full speed and at full tilt
at half-mast,25,40,at half-mast
at hand,25,40,at hand
at hazard,26,41,at hazard
at home,26,41,at home
at home with someone or something,26,41,at home with someone or something
at it again,26,41,at it again
at large,26,41,at large 1.
at last,26,41,at last
at least,26,41,at least 1.
at leisure,26,41,at leisure 1.
one’s leisure,26,41,one’s leisure
at length,26,41,at length 1.
at liberty,26,41,at liberty
at loggerheads (with someone),26,41,at loggerheads (with someone)
at (long) last,26,41,at (long) last
at loose ends,26,41,at loose ends
at night,26,41,at night
at odds (with someone),26,41,at odds (with someone)
at once,26,41,at once
at one fell swoop,26,41,at one fell swoop and in one fell swoop
in one fell swoop,26,41,at one fell swoop and in one fell swoop
at one’s best,27,42,at one’s best
at one’s leisure,27,42,at one’s leisure
at one’s wit’s end,27,42,at one’s wit’s end
at peace,27,42,at peace 1.
at play,27,42,at play
at present,27,42,at present
at random,27,42,at random
at regular intervals,27,42,at regular intervals
at rest,27,42,at rest
at risk,27,42,at risk
at sea,27,42,at sea
at sea (about something),27,42,at sea (about something)
at sea level,27,42,at sea level
at sixes and sevens,27,42,at sixes and sevens
at some length,27,42,at some length
at someone’s beck and call,27,42,at someone’s beck and call
at someone’s doorstep,27,42,at someone’s doorstep and on someone’s doorstep
on someone’s doorstep,27,42,at someone’s doorstep and on someone’s doorstep
at someone’s earliest convenience,27,42,at someone’s earliest convenience
at someone’s mercy,27,42,at someone’s mercy
at someone’s request,27,42,at someone’s request
at someone’s service,27,42,at someone’s service
at some time sharp,28,43,at some time sharp
at stake,28,43,at stake
at that rate,28,43,at that rate
at the appointed time,28,43,at the appointed time
at the bottom of the hour,28,43,at the bottom of the hour
at the bottom of the ladder,28,43,at the bottom of the ladder
at the break of dawn,28,43,at the break of dawn
at the crack of dawn,28,43,at the crack of dawn and at the break of dawn
at the drop of a hat,28,43,at the drop of a hat
at the eleventh hour,28,43,at the eleventh hour
at the end of nowhere,28,43,at the end of nowhere
at the end of one’s rope,28,43,at the end of one’s rope and at the end of one’s tether
at the end of one’s tether,28,43,at the end of one’s rope and at the end of one’s tether
at the end of the day,28,43,at the end of the day
at the expense of someone or something,28,43,at the expense of someone or something
at the forefront (of something),28,43,at the forefront (of something) and in the forefront (of something)
in the forefront (of something),28,43,at the forefront (of something) and in the forefront (of something)
at the height of something,28,43,at the height of something
at the helm (of something),28,43,at the helm (of something)
at the last gasp,28,43,at the last gasp
at the last minute,29,44,at the last minute
at the latest,29,44,at the latest
at the mercy of someone,29,44,at the mercy of someone and at someone’s mercy
at the outset,29,44,at the outset
at the point of doing something,29,44,at the point of doing something
at the present time,29,44,at the present time and at this point (in time)
at this point (in time),29,44,at the present time and at this point (in time)
at the rear of something,29,44,at the rear of something
at the same time,29,44,at the same time
at the top of one’s lungs,29,44,at the top of one’s lungs
at the top of one’s voice,29,44,at the top of one’s voice and at the top of one’s lungs
at the top of the hour,29,44,at the top of the hour
at the (very) outside,29,44,at the (very) outside
at (the) worst,29,44,at (the) worst
at the zenith of something,29,44,at the zenith of something
at this juncture,29,44,at this juncture
at this rate,29,44,at this rate
at this stage,29,44,at this stage
at this stage of the game,29,44,at this stage of the game and at this stage
at times,29,44,at times
at will,30,45,at will
at work,30,45,at work 1.
at worst,30,45,at worst
attached to someone or something,30,45,attached to someone or something
attract someone’s attention,30,45,attract someone’s attention
augur well for someone or something,30,45,augur well for someone or something
avail oneself of something,30,45,avail oneself of something
avenue of escape,30,45,avenue of escape
avoid someone or something like the plague,30,45,avoid someone or something like the plague
away from one’s desk,30,45,away from one’s desk
awkward as a cow on a crutch,30,45,awkward as a cow on a crutch
awkward as a cow on roller skates,30,45,awkward as a cow on roller skates
a babe in the woods,31,46,a babe in the woods
back and fill,31,46,back and fill
back and forth,31,46,back and forth
back down (from someone or something),31,46,back down (from someone or something) and back off (from someone or something)
back off (from someone or something),31,46,back down (from someone or something) and back off (from someone or something)
back East,31,46,back East
back in circulation,31,46,back in circulation 1.
back of the beyond,31,46,back of the beyond
back order something,31,46,back order something
back out (of something),31,46,back out (of something)
back someone or something up,32,47,back someone or something up
back the wrong horse,32,47,back the wrong horse
back-to-back,32,47,back-to-back 1.
back to square one,32,47,back to square one
back to the drawing board,32,47,back to the drawing board
back to the salt mines,32,47,back to the salt mines
bad as all that,32,47,bad as all that
bad blood (between people),32,47,bad blood (between people)
bad-mouth someone or something,32,47,bad-mouth someone or something
bag and baggage,32,47,bag and baggage and part and parcel
part and parcel,32,47,bag and baggage and part and parcel
bag of tricks,32,47,bag of tricks
bail out (of something),32,47,bail out (of something) 1.
bail someone or something out,32,47,bail someone or something out 1.
bait and switch,33,48,bait and switch
balance the accounts,33,48,balance the accounts 1. and balance the books
balance the books,33,48,balance the accounts 1. and balance the books
bald as a baby’s backside,33,48,bald as a baby’s backside
bald as a coot,33,48,bald as a coot
baleful as death,33,48,baleful as death
ball and chain,33,48,ball and chain
ball of fire,33,48,ball of fire
balled up,33,48,balled up
the balls of one’s feet,33,48,the balls of one’s feet
bang one’s head against a brick wall,33,48,bang one’s head against a brick wall
bank on something,33,48,bank on something
baptism of fire,33,48,baptism of fire
the bare something,33,48,the bare something
bargain for something,33,48,bargain for something and bargain on something
bargain on something,33,48,bargain for something and bargain on something
barge in (on someone or something),33,48,barge in (on someone or something)
bark up the wrong tree,33,48,bark up the wrong tree
base one’s opinion on something,33,48,base one’s opinion on something
batten down the hatches,34,49,batten down the hatches
battle something out,34,49,battle something out
bawl someone out,34,49,bawl someone out
be about something,34,49,be about something
be a heartbeat away from something,34,49,be a heartbeat away from something
be-all and (the) end-all,34,49,be-all and (the) end-all
the be-all and (the) end-all,34,49,the be-all and (the) end-all
be all ears,34,49,be all ears
be all eyes (and ears),34,49,be all eyes (and ears)
be all things to all men,34,49,be all things to all men and be all things to all people
be all things to all people,34,49,be all things to all men and be all things to all people
be a million miles away,34,49,be a million miles away
be a new one on someone,34,49,be a new one on someone
be curtains for someone or something,34,49,be curtains for someone or something
be death on something,34,49,be death on something
(be) easier said than done,35,50,(be) easier said than done
be flying high,35,50,be flying high 1.
be friends with someone,35,50,be friends with someone
be from Missouri,35,50,be from Missouri
be game,35,50,be game
be into something,35,50,be into something
be off,35,50,be off 1.
be off on the wrong foot,35,50,be off on the wrong foot and be off to a bad start
be off to a bad start,35,50,be off on the wrong foot and be off to a bad start
be of service (to someone),35,50,be of service (to someone)
be of the persuasion that something is so,35,50,be of the persuasion that something is so
be reluctant to do something,35,50,be reluctant to do something
be sick,35,50,be sick
be so,35,50,be so
be swimming in something,35,50,be swimming in something
be that as it may,35,50,be that as it may
be the case,35,50,be the case
be the death of me (yet),35,50,be the death of me (yet)
be the last straw,36,51,be the last straw and be the straw that broke the camel’s back
be the straw that broke the camel’s back,36,51,be the last straw and be the straw that broke the camel’s back
be the spit and image of someone,36,51,be the spit and image of someone and be the spitting image of someone
be the spitting image of someone,36,51,be the spit and image of someone and be the spitting image of someone
be to do something,36,51,be to do something
be too,36,51,be too and be so
be used to doing something,36,51,be used to doing something
be used to something,36,51,be used to something and be used to doing something
be with someone,36,51,be with someone
bear a grudge (against someone),36,51,bear a grudge (against someone) and have a grudge (against someone); hold a grudge (against someone)
have a grudge (against someone),36,51,bear a grudge (against someone) and have a grudge (against someone); hold a grudge (against someone)
hold a grudge (against someone),36,51,bear a grudge (against someone) and have a grudge (against someone); hold a grudge (against someone)
bear fruit,36,51,bear fruit
bear in mind that something is so,36,51,bear in mind that something is so
bear one’s cross,36,51,bear one’s cross and carry one’s cross
carry one’s cross,36,51,bear one’s cross and carry one’s cross
bear someone or something in mind,36,51,bear someone or something in mind
bear something out,36,51,bear something out
bear the brunt (of something),36,51,bear the brunt (of something)
bear watching,36,51,bear watching
bear with someone or something,37,52,bear with someone or something
beard the lion in his den,37,52,beard the lion in his den
beat about the bush,37,52,beat about the bush
beat a dead horse,37,52,beat a dead horse
beat a (hasty) retreat,37,52,beat a (hasty) retreat
beat a path to someone’s door,37,52,beat a path to someone’s door
beat around the bush,37,52,beat around the bush and beat about the bush
beat one’s brains out (to do something),37,52,beat one’s brains out (to do something)
beat one’s head against the wall,37,52,beat one’s head against the wall and bang one’s head against a brick wall
beat someone down (to size),37,52,beat someone down (to size) and knock someone down (to size)
knock someone down (to size),37,52,beat someone down (to size) and knock someone down (to size)
beat someone to the draw,37,52,beat someone to the draw
beat someone to the punch,37,52,beat someone to the punch and beat someone to the draw
beat someone up,37,52,beat someone up
beat something into someone’s head,37,52,beat something into someone’s head
beat the clock,37,52,beat the clock
beat the gun,37,52,beat the gun
jump the gun.,38,53,jump the gun.
beat the living daylights out of someone,38,53,beat the living daylights out of someone and beat the stuffing out of someone;beat the tar out of someone; whale the tar out of someone
beat the stuffing out of someone,38,53,beat the living daylights out of someone and beat the stuffing out of someone;beat the tar out of someone; whale the tar out of someone
beat the tar out of someone,38,53,beat the living daylights out of someone and beat the stuffing out of someone;beat the tar out of someone; whale the tar out of someone
whale the tar out of someone,38,53,beat the living daylights out of someone and beat the stuffing out of someone;beat the tar out of someone; whale the tar out of someone
beat the pants off someone,38,53,beat the pants off someone 1.
beat the rap,38,53,beat the rap
Beauty is only skin-deep.,38,53,Beauty is only skin-deep.
becoming on someone,38,53,becoming on someone
becoming to someone,38,53,becoming to someone
a bed of roses,38,53,a bed of roses
beef something up,38,53,beef something up
beer and skittles,38,53,beer and skittles
before long,38,53,before long
before you can say Jack Robinson,38,53,before you can say Jack Robinson
before you know it,38,53,before you know it
beg off (on something),38,53,beg off (on something)
beg the question,38,53,beg the question 1.
beg to differ (with someone),39,54,beg to differ (with someone)
beggar description,39,54,beggar description
Beggars can’t be choosers.,39,54,Beggars can’t be choosers.
begin to see daylight,39,54,begin to see daylight
begin to see the light,39,54,begin to see the light
beginning of the end,39,54,beginning of the end
behind closed doors,39,54,behind closed doors
behind in something,39,54,behind in something and behind on something
behind on something,39,54,behind in something and behind on something
behind schedule,39,54,behind schedule
behind someone’s back,39,54,behind someone’s back
behind the eight ball,39,54,behind the eight ball
behind the scenes,39,54,behind the scenes
behind the times,39,54,behind the times
Behind you!,39,54,Behind you!
belabor the point,39,54,belabor the point
believe it or not,40,55,believe it or not
"bell, book, and candle",40,55,"bell, book, and candle"
below average,40,55,below average
below par,40,55,below par
belt something out,40,55,belt something out
bend over backwards (to do something),40,55,bend over backwards (to do something)
bend someone’s ear,40,55,bend someone’s ear
bent on doing something,40,55,bent on doing something
beside oneself (with something),40,55,beside oneself (with something)
beside the point,40,55,beside the point and beside the question
beside the question,40,55,beside the point and beside the question
best bib and tucker,40,55,best bib and tucker
the best-laid plans of mice and men,40,55,the best-laid plans of mice and men and
the best-laid schemes of mice and men,40,55,the best-laid schemes of mice and men
the best part of something,40,55,the best part of something
bet one’s bottom dollar,40,55,bet one’s bottom dollar and bet one’s life
bet one’s life,40,55,bet one’s bottom dollar and bet one’s life
better late than never,40,55,better late than never
better off (doing something),40,55,better off (doing something) and better off (if something were done)
better off (if something were done),40,55,better off (doing something) and better off (if something were done)
better off (if one were somewhere else),41,56,better off (if one were somewhere else)
better off (somewhere),41,56,better off (somewhere) and better off (if one were somewhere else)
between a rock and a hard place,41,56,between a rock and a hard place and between the devil and the deep blue sea
between the devil and the deep blue sea,41,56,between a rock and a hard place and between the devil and the deep blue sea
between life and death,41,56,between life and death
"between you, me, and the lamppost",41,56,"between you, me, and the lamppost"
betwixt and between,41,56,betwixt and between 1.
beyond a reasonable doubt,41,56,beyond a reasonable doubt
beyond measure,41,56,beyond measure
beyond one’s depth,41,56,beyond one’s depth 1.
beyond one’s means,41,56,beyond one’s means
beyond the call of duty,41,56,beyond the call of duty
beyond the pale,41,56,beyond the pale
beyond the shadow of a doubt,41,56,beyond the shadow of a doubt
beyond words,41,56,beyond words
bid adieu to someone or something,41,56,bid adieu to someone or something and bid someone or something adieu
bid someone or something adieu,41,56,bid adieu to someone or something and bid someone or something adieu
bide one’s time,42,57,bide one’s time
big and bold,42,57,big and bold
big as all outdoors,42,57,big as all outdoors
big as life,42,57,big as life
big as life and twice as ugly,42,57,big as life and twice as ugly
a big frog in a small pond,42,57,a big frog in a small pond
the big moment,42,57,the big moment and
big of someone,42,57,big of someone
binge and purge,42,57,binge and purge
A bird in the hand is worth two in the bush.,42,57,A bird in the hand is worth two in the bush.
the birds and the bees,42,57,the birds and the bees
a bird’s-eye view,42,57,a bird’s-eye view 1.
Birds of a feather flock together.,42,57,Birds of a feather flock together.
bite off more than one can chew,42,57,bite off more than one can chew
bite one’s nails,42,57,bite one’s nails
bite one’s tongue,42,57,bite one’s tongue
bite someone’s head off,43,58,bite someone’s head off
bite the bullet,43,58,bite the bullet
bite the dust,43,58,bite the dust
bite the hand that feeds one,43,58,bite the hand that feeds one
a bitter pill to swallow,43,58,a bitter pill to swallow
black-and-blue,43,58,black-and-blue
black as a skillet,43,58,black as a skillet
black as a stack of black cats,43,58,black as a stack of black cats
black as a sweep,43,58,black as a sweep
black as coal,43,58,black as coal
black as night,43,58,black as night
black as one is painted,43,58,black as one is painted
black as pitch,43,58,black as pitch
black as the ace of spades,43,58,black as the ace of spades
black out,43,58,black out
the black sheep of the family,43,58,the black sheep of the family
blast off,43,58,blast off
blaze a trail (in something,43,58,blaze a trail (in something
bleep something out,43,58,bleep something out
a blessing in disguise,43,58,a blessing in disguise
blind as a bat,43,58,blind as a bat
the blind leading the blind,43,58,the blind leading the blind
Blood is thicker than water.,44,59,Blood is thicker than water.
Blood runs thicker than water.,44,59,Blood runs thicker than water. and Blood is thicker than water.
"blood, sweat, and tears",44,59,"blood, sweat, and tears"
bloody but unbowed,44,59,bloody but unbowed
blow a fuse,44,59,blow a fuse 1.
blow a gasket,44,59,blow a gasket and blow a fuse; blow one’s cork; blow one’s top; blow one’s stack
blow one’s cork,44,59,blow a gasket and blow a fuse; blow one’s cork; blow one’s top; blow one’s stack
blow one’s top,44,59,blow a gasket and blow a fuse; blow one’s cork; blow one’s top; blow one’s stack
blow one’s stack,44,59,blow a gasket and blow a fuse; blow one’s cork; blow one’s top; blow one’s stack
blow-by-blow account,44,59,blow-by-blow account and blow-byblow description
blow-byblow description,44,59,blow-by-blow account and blow-byblow description
blow-by-blow description,44,59,blow-by-blow description
blow hot and cold,44,59,blow hot and cold
blow off steam,44,59,blow off steam
blow one’s cookies,44,59,blow one’s cookies
blow one’s cool,44,59,blow one’s cool
blow one’s lines,44,59,blow one’s lines
blow one’s lunch,44,59,blow one’s lunch and blow one’s cookies
blow one’s nose,44,59,blow one’s nose
blow one’s own horn,44,59,blow one’s own horn
blow over,44,59,blow over
blow someone or something away,44,59,blow someone or something away 1.
blow someone or something off,44,59,blow someone or something off 1.
blow someone or something to smithereens,45,60,blow someone or something to smithereens
blow someone’s cover,45,60,blow someone’s cover
blow someone’s mind,45,60,blow someone’s mind 1.
blow something,45,60,blow something
blow something out of all proportion,45,60,blow something out of all proportion
blow the lid off (something),45,60,blow the lid off (something)
blow the whistle (on someone),45,60,blow the whistle (on someone)
blow up,45,60,blow up
blow up (at someone),45,60,blow up (at someone)
blow up in someone’s face,45,60,blow up in someone’s face 1.
blue around the gills,45,60,blue around the gills
blue blood,45,60,blue blood
bog down,45,60,bog down
boggle someone’s mind,45,60,boggle someone’s mind
boil down to something,45,60,boil down to something
boil something down,45,60,boil something down
bold as brass,45,60,bold as brass
bone of contention,45,60,bone of contention
bone up (on something),46,61,bone up (on something)
boot someone out,46,61,boot someone out
bore someone stiff,46,61,bore someone stiff and bore someone to death
bore someone to death,46,61,bore someone stiff and bore someone to death
bored silly,46,61,bored silly and bored stiff; bored to distraction; bored to tears
bored stiff,46,61,bored silly and bored stiff; bored to distraction; bored to tears
bored to distraction,46,61,bored silly and bored stiff; bored to distraction; bored to tears
bored to tears,46,61,bored silly and bored stiff; bored to distraction; bored to tears
bored to death,46,61,bored to death
born and bred,46,61,born and bred
born and raised,46,61,born and raised and born and bred
born out of wedlock,46,61,born out of wedlock
born with a silver spoon in one’s mouth,46,61,born with a silver spoon in one’s mouth
borrow trouble,46,61,borrow trouble
boss someone around,46,61,boss someone around
bottle something up,46,61,bottle something up 1.
the bottom line,46,61,the bottom line 1.
bottom out,46,61,bottom out
Bottoms up!,46,61,Bottoms up!
bound and determined,46,61,bound and determined
bound for somewhere,46,61,bound for somewhere
bound hand and foot,46,61,bound hand and foot
bound to (do something),47,62,bound to (do something)
bow and scrape,47,62,bow and scrape
bow out,47,62,bow out
bowl someone over,47,62,bowl someone over
Boys will be boys.,47,62,Boys will be boys.
brain someone,47,62,brain someone
bread-and-butter letter,47,62,bread-and-butter letter
bread and water,47,62,bread and water
break a code,47,62,break a code
break a habit,47,62,break a habit and break the habit;break one’s habit
break the habit,47,62,break a habit and break the habit;break one’s habit
break one’s habit,47,62,break a habit and break the habit;break one’s habit
break a law,47,62,break a law and break the law
break the law,47,62,break a law and break the law
Break a leg!,47,62,Break a leg!
break a record,47,62,break a record
break camp,47,62,break camp
break down,47,62,break down 1.
break even,47,62,break even
break ground (for something),47,62,break ground (for something)
Break it up!,48,63,Break it up!
break loose (from someone or something),48,63,break loose (from someone or something)
break new ground,48,63,break new ground
break off (with someone),48,63,break off (with someone)
break one’s back (to do something),48,63,break one’s back (to do something)
break one’s neck (to do something),48,63,break one’s neck (to do something) and break one’s back (to do something)
break one’s word,48,63,break one’s word
break out,48,63,break out 1.
break out in a cold sweat,48,63,break out in a cold sweat
break out (in something),48,63,break out (in something)
break (out) in(to) tears,48,63,break (out) in(to) tears
break out (of something),48,63,break out (of something)
break someone or something down,48,63,break someone or something down 1.
break someone or something in,48,63,break someone or something in 1.
break someone or something up,49,64,break someone or something up 1.
break someone’s fall,49,64,break someone’s fall
break someone’s heart,49,64,break someone’s heart
break something down (for someone),49,64,break something down (for someone)
break something down (into something),49,64,break something down (into something)
break something to pieces,49,64,break something to pieces
break something to someone,49,64,break something to someone
break the back of something,49,64,break the back of something
break the bank,49,64,break the bank
break the ice,49,64,break the ice
break the news (to someone),49,64,break the news (to someone)
break through (something),49,64,break through (something)
break up (with someone),49,64,break up (with someone)
breaking and entering,49,64,breaking and entering
a breath of fresh air,50,65,a breath of fresh air 1.
breathe down someone’s neck,50,65,breathe down someone’s neck 1.
breathe easy,50,65,breathe easy
breathe one’s last,50,65,breathe one’s last
brew a plot,50,65,brew a plot
bricks and mortar,50,65,bricks and mortar
bright and early,50,65,bright and early
bright as a button,50,65,bright as a button
bright as a new pin,50,65,bright as a new pin
bright-eyed and bushy-tailed,50,65,bright-eyed and bushy-tailed
brimming with something,50,65,brimming with something 1.
bring down the curtain (on something),50,65,bring down the curtain (on something)
bring down the house,50,65,bring down the house
bring home the bacon,50,65,bring home the bacon
bring people or other creatures out in droves,50,65,bring people or other creatures out in droves
bring someone around,50,65,bring someone around 1.
bring someone or something up,51,66,bring someone or something up 1.
bring someone or something up-to-date,51,66,bring someone or something up-to-date
bring someone to,51,66,bring someone to
bring someone up-to-date (on someone or something),51,66,bring someone up-to-date (on someone or something)
bring something about,51,66,bring something about
bring something crashing down (around one),51,66,bring something crashing down (around one)
bring something home to someone,51,66,bring something home to someone
bring something into question,51,66,bring something into question
bring something off,51,66,bring something off
bring something to a head,51,66,bring something to a head
bring something to light,51,66,bring something to light
bring something to someone’s attention,51,66,bring something to someone’s attention
bring up the rear,51,66,bring up the rear
broad as a barn door,51,66,broad as a barn door
broad in the beam,52,67,broad in the beam
brush up (on something),52,67,brush up (on something)
buck for something,52,67,buck for something
buck up,52,67,buck up
buckle down (to something),52,67,buckle down (to something)
bug out,52,67,bug out
bug someone,52,67,bug someone
build a case (against someone),52,67,build a case (against someone) and assemble a case (against someone);gather a case (against someone)
gather a case (against someone),52,67,build a case (against someone) and assemble a case (against someone);gather a case (against someone)
build a fire under someone,52,67,build a fire under someone
build castles in Spain,52,67,build castles in Spain
build castles in the air,52,67,build castles in the air and build castles in Spain
build (someone or something) up,52,67,build (someone or something) up 1.
build something to order,52,67,build something to order
build up to something,52,67,build up to something
bump into someone,52,67,bump into someone and run into someone
run into someone,52,67,bump into someone and run into someone
bump someone off,52,67,bump someone off and knock someone off
knock someone off,52,67,bump someone off and knock someone off
a bundle of nerves,53,68,a bundle of nerves
burn one’s bridges (behind one),53,68,burn one’s bridges (behind one) 1.
burn one’s bridges in front of one,53,68,burn one’s bridges in front of one
burn (oneself) out,53,68,burn (oneself) out
burn out,53,68,burn out
burn someone at the stake,53,68,burn someone at the stake 1.
burn someone in effigy,53,68,burn someone in effigy
burn someone or something to a crisp,53,68,burn someone or something to a crisp
burn someone up,53,68,burn someone up
burn the candle at both ends,53,68,burn the candle at both ends
burn the midnight oil,53,68,burn the midnight oil
burn with a low blue flame,53,68,burn with a low blue flame
burned to a cinder,53,68,burned to a cinder
burned up,54,69,burned up
burst at the seams,54,69,burst at the seams
burst in on someone or something,54,69,burst in on someone or something
burst into flames,54,69,burst into flames
burst into tears,54,69,burst into tears and burst out crying
burst out crying,54,69,burst into tears and burst out crying
burst onto the scene,54,69,burst onto the scene
burst out laughing,54,69,burst out laughing
burst someone’s bubble,54,69,burst someone’s bubble
burst with joy,54,69,burst with joy
burst with pride,54,69,burst with pride
bury one’s head in the sand,54,69,bury one’s head in the sand and hide one’s head in the sand
hide one’s head in the sand,54,69,bury one’s head in the sand and hide one’s head in the sand
bury the hatchet,54,69,bury the hatchet
business as usual,54,69,business as usual
the business end of something,54,69,the business end of something
a busman’s holiday,54,69,a busman’s holiday
bust a gut (to do something),54,69,bust a gut (to do something)
busy as a beaver,55,70,busy as a beaver
busy as a beaver (building a new dam),55,70,busy as a beaver (building a new dam)
busy as a bee,55,70,busy as a bee
busy as a cat on a hot tin roof,55,70,busy as a cat on a hot tin roof
busy as a hibernating bear,55,70,busy as a hibernating bear
busy as a one-armed paperhanger,55,70,busy as a one-armed paperhanger
busy as Grand Central Station,55,70,busy as Grand Central Station
busy as popcorn on a skillet,55,70,busy as popcorn on a skillet
but for someone or something,55,70,but for someone or something
butt in (on someone or something),55,70,butt in (on someone or something)
butter someone up,55,70,butter someone up
button one’s lip,55,70,button one’s lip
buy a pig in a poke,55,70,buy a pig in a poke
buy someone off,55,70,buy someone off
buy something,55,70,buy something
buy something for a song,55,70,buy something for a song
buy something on credit,55,70,buy something on credit
buy something sight unseen,55,70,buy something sight unseen
buy something to go,55,70,buy something to go and get something to go;have something to go; order something to go
get something to go,55,70,buy something to go and get something to go;have something to go; order something to go
have something to go,55,70,buy something to go and get something to go;have something to go; order something to go
order something to go,55,70,buy something to go and get something to go;have something to go; order something to go
by a hair(‘s breadth),55,70,by a hair(‘s breadth) and by a whisker
by a whisker,55,70,by a hair(‘s breadth) and by a whisker
by all appearances,56,71,by all appearances
by all means,56,71,by all means
by all means of something,56,71,by all means of something
by a mile,56,71,by a mile
by and by,56,71,by and by
by and large,56,71,by and large
by any means,56,71,by any means
by a show of hands,56,71,by a show of hands
by chance,56,71,by chance
by check,56,71,by check
by choice,56,71,by choice
by coincidence,56,71,by coincidence
by day,56,71,by day and by night
by night,56,71,by day and by night
by dint of something,56,71,by dint of something
by fits and starts,56,71,by fits and starts
by guess and by golly,56,71,by guess and by golly
by herself,56,71,by herself 1.
by himself,56,71,by himself 1.
by hook or (by) crook,57,72,by hook or (by) crook
by itself,57,72,by itself
by leaps and bounds,57,72,by leaps and bounds
by means of something,57,72,by means of something
by mistake,57,72,by mistake
by myself,57,72,by myself 1.
by no means,57,72,by no means
by oneself,57,72,by oneself 1.
by ourselves,57,72,by ourselves 1.
by return mail,57,72,by return mail
by shank’s mare,57,72,by shank’s mare
by the,57,72,by the
by the book,57,72,by the book
by the day,57,72,by the day
by the dozen,57,72,by the dozen
by the dozens,57,72,by the dozens
by the handful,57,72,by the handful
by the hour,57,72,by the hour
by the month,57,72,by the month
by themselves,57,72,by themselves 1.
by the nape of the neck,58,73,by the nape of the neck
by the numbers,58,73,by the numbers and by the book
by the same token,58,73,by the same token
by the seat of one’s pants,58,73,by the seat of one’s pants
by the skin of one’s teeth,58,73,by the skin of one’s teeth
by the sweat of one’s brow,58,73,by the sweat of one’s brow
by the way,58,73,by the way
by the week,58,73,by the week
by the year,58,73,by the year
by virtue of something,58,73,by virtue of something
by way of something,58,73,by way of something 1.
by word of mouth,58,73,by word of mouth
by yourself,58,73,by yourself 1.
by yourselves,58,73,by yourselves 1.
call a meeting,59,74,call a meeting
call a spade a spade,59,74,call a spade a spade
call for someone or something,59,74,call for someone or something 1.
call it a day,59,74,call it a day
call it a night,59,74,call it a night
call it quits,59,74,call it quits
call of nature,59,74,call of nature
call on someone,59,74,call on someone
call out (to someone),59,74,call out (to someone)
call someone down,59,74,call someone down
call someone names,59,74,call someone names
call someone on the carpet,59,74,call someone on the carpet
call someone or something in,59,74,call someone or something in
call someone or something into question,59,74,call someone or something into question
call someone or something off,60,75,call someone or something off 1.
call someone or something up,60,75,call someone or something up 1.
call someone’s bluff,60,75,call someone’s bluff
call the dogs off,60,75,call the dogs off
call the meeting to order,60,75,call the meeting to order
call (the) roll,60,75,call (the) roll and take (the) roll
take (the) roll,60,75,call (the) roll and take (the) roll
call the shots,60,75,call the shots and call the tune
call the tune,60,75,call the shots and call the tune
calm as a toad in the sun,60,75,calm as a toad in the sun
the calm before the storm,60,75,the calm before the storm
can take it to the bank,60,75,can take it to the bank
Can you imagine?,60,75,Can you imagine?
cancel something out,60,75,cancel something out
cannot help doing something,60,75,cannot help doing something
cannot stomach someone or something,60,75,cannot stomach someone or something
can’t carry a tune,60,75,can’t carry a tune
can’t do anything with someone or something,61,76,can’t do anything with someone or something
can’t help but do something,61,76,can’t help but do something
can’t hold a candle to someone,61,76,can’t hold a candle to someone
can’t make heads or tails (out) of someone or something,61,76,can’t make heads or tails (out) of someone or something
can’t see beyond the end of one’s nose,61,76,can’t see beyond the end of one’s nose
can’t see one’s hand in front of one’s face,61,76,can’t see one’s hand in front of one’s face
can’t stand (the sight of) someone or something,61,76,can’t stand (the sight of) someone or something and can’t stomach someone or something
can’t stomach someone or something,61,76,can’t stand (the sight of) someone or something and can’t stomach someone or something
can’t wait (for something to happen),61,76,can’t wait (for something to happen)
can’t wait (to do something),61,76,can’t wait (to do something)
cap and gown,61,76,cap and gown
capable of doing something,61,76,capable of doing something
a card,61,76,a card
the cards are stacked against one,61,76,the cards are stacked against one
carried away,61,76,carried away
carry (a lot of) weight (with someone or something),62,77,carry (a lot of) weight (with someone or something)
carry a secret to one’s grave,62,77,carry a secret to one’s grave
carry a secret to the grave,62,77,carry a secret to the grave and carry a secret to one’s grave
carry a torch (for someone),62,77,carry a torch (for someone)
carry coals to Newcastle,62,77,carry coals to Newcastle
carry on (about someone or something),62,77,carry on (about someone or something)
carry one’s (own) weight,62,77,carry one’s (own) weight and pull one’s (own) weight
pull one’s (own) weight,62,77,carry one’s (own) weight and pull one’s (own) weight
carry on somehow,62,77,carry on somehow
carry on without someone or something,62,77,carry on without someone or something
carry on (with someone or something),62,77,carry on (with someone or something) 1.
carry over,62,77,carry over
carry something off,62,77,carry something off
carry something out,62,77,carry something out
carry something over,62,77,carry something over
carry the ball,62,77,carry the ball 1.
carry the day,63,78,carry the day and win the day
win the day,63,78,carry the day and win the day
carry the torch,63,78,carry the torch 1.
carry the weight of the world on one’s shoulders,63,78,carry the weight of the world on one’s shoulders
carry through (on something),63,78,carry through (on something)
a case in point,63,78,a case in point
a case of mistaken identity,63,78,a case of mistaken identity
cash-and-carry,63,78,cash-and-carry
cash in one’s chips,63,78,cash in one’s chips
cash in (on something),63,78,cash in (on something)
cash on the barrelhead,63,78,cash on the barrelhead
cash or credit,63,78,cash or credit
cash something in,63,78,cash something in
cast about for someone or something,63,78,cast about for someone or something
cast around for someone or something,63,78,cast around for someone or something and cast about for someone or something
cast aspersions on someone,63,78,cast aspersions on someone
cast doubt(s) (on someone or something),64,79,cast doubt(s) (on someone or something)
cast in the same mold,64,79,cast in the same mold
cast one’s lot in with someone,64,79,cast one’s lot in with someone
cast (one’s) pearls before swine,64,79,cast (one’s) pearls before swine
cast one’s vote,64,79,cast one’s vote
cast the first stone,64,79,cast the first stone
Cat got your tongue?,64,79,Cat got your tongue?
catch-as-catch-can,64,79,catch-as-catch-can
catch a whiff of something,64,79,catch a whiff of something
catch cold,64,79,catch cold and take cold
take cold,64,79,catch cold and take cold
catch fire,64,79,catch fire
catch forty winks,64,79,catch forty winks and catch some Zs;take forty winks
catch some Zs,64,79,catch forty winks and catch some Zs;take forty winks
take forty winks,64,79,catch forty winks and catch some Zs;take forty winks
catch hell,64,79,catch hell
catch it,64,79,catch it
catch one off one’s guard,64,79,catch one off one’s guard
catch one’s breath,64,79,catch one’s breath
catch one’s death (of cold),64,79,catch one’s death (of cold) and take one’s death of cold
take one’s death of cold,64,79,catch one’s death (of cold) and take one’s death of cold
catch one with one’s pants down,64,79,catch one with one’s pants down
catch (on) fire,65,80,catch (on) fire
catch on (to someone or something),65,80,catch on (to someone or something)
catch sight of someone or something,65,80,catch sight of someone or something
catch someone in the act (of doing something),65,80,catch someone in the act (of doing something)
catch someone napping,65,80,catch someone napping
catch someone off balance,65,80,catch someone off balance
catch someone off guard,65,80,catch someone off guard and catch one off one’s guard
catch someone red-handed,65,80,catch someone red-handed
catch someone’s eye,65,80,catch someone’s eye and get someone’s eye 1.
get someone’s eye,65,80,catch someone’s eye and get someone’s eye 1.
catch the devil,65,80,catch the devil
catch up (to someone or something),65,80,catch up (to someone or something) and catch up (with someone or something)
catch up (with someone or something),65,80,catch up (to someone or something) and catch up (with someone or something)
caught in the act,65,80,caught in the act
caught in the cross fire,65,80,caught in the cross fire
caught in the middle,65,80,caught in the middle and caught in the cross fire
caught red-handed,65,80,caught red-handed
caught short,65,80,caught short
caught unaware(s),65,80,caught unaware(s)
cause a commotion,66,81,cause a commotion
cause a stir,66,81,cause a stir and cause a commotion
cause (some) eyebrows to raise,66,81,cause (some) eyebrows to raise
cause (some) tongues to wag,66,81,cause (some) tongues to wag
cave in (to someone or something),66,81,cave in (to someone or something)
cease and desist,66,81,cease and desist
chalk something up to something,66,81,chalk something up to something
champ at the bit,66,81,champ at the bit and chomp at the bit
chomp at the bit,66,81,champ at the bit and chomp at the bit
chance something,66,81,chance something
chance (up)on someone or something,66,81,chance (up)on someone or something
change hands,66,81,change hands
change horses in the middle of the stream,66,81,change horses in the middle of the stream
change someone’s mind,66,81,change someone’s mind
change someone’s tune,66,81,change someone’s tune
change the subject,67,82,change the subject
chapter and verse,67,82,chapter and verse
charge someone or something up,67,82,charge someone or something up 1.
charged up,67,82,charged up 1.
charm the pants off (of) someone,67,82,charm the pants off (of) someone
cheat on someone,67,82,cheat on someone
check in (on someone or something),67,82,check in (on someone or something)
check into something,67,82,check into something
check out,67,82,check out
checks and balances,67,82,checks and balances
cheek by jowl,67,82,cheek by jowl
cheer someone on,67,82,cheer someone on
cheer someone up,67,82,cheer someone up
cheer up,67,82,cheer up
cheesed off,67,82,cheesed off
chew someone out,67,82,chew someone out and eat someone out
eat someone out,67,82,chew someone out and eat someone out
chew the fat,68,83,chew the fat and chew the rag
chew the rag,68,83,chew the fat and chew the rag
chicken out (of something),68,83,chicken out (of something)
The chickens have come home to roost.,68,83,The chickens have come home to roost.
child’s play,68,83,child’s play
chilled to the bone,68,83,chilled to the bone
chime in (with something),68,83,chime in (with something)
chink in one’s armor,68,83,chink in one’s armor
chip in (on something),68,83,chip in (on something) and chip in something on something; chip something in (on something)
chip in something on something,68,83,chip in (on something) and chip in something on something; chip something in (on something)
chip something in (on something),68,83,chip in (on something) and chip in something on something; chip something in (on something)
a chip off the old block,68,83,a chip off the old block
chips and dip,68,83,chips and dip
chisel someone out of something,68,83,chisel someone out of something
choke someone up,68,83,choke someone up
choke something off,68,83,choke something off
choose up sides,68,83,choose up sides
claim a life,69,84,claim a life
clam up,69,84,clam up
clamp down (on someone or something),69,84,clamp down (on someone or something)
clap eyes on someone or something,69,84,clap eyes on someone or something
clean as a hound’s tooth,69,84,clean as a hound’s tooth
clean as a whistle,69,84,clean as a whistle
clean out (of something),69,84,clean out (of something)
clean up,69,84,clean up
clean up one’s act,69,84,clean up one’s act
clear as a bell,69,84,clear as a bell
clear as crystal,69,84,clear as crystal
clear as mud,69,84,clear as mud
clear as vodka,69,84,clear as vodka
clear of something,69,84,clear of something
clear out,69,84,clear out
clear sailing,69,84,clear sailing
clear someone’s name,69,84,clear someone’s name
clear something up,69,84,clear something up 1.
clear the air,69,84,clear the air
clear the decks,69,84,clear the decks
clear the table,69,84,clear the table
clear up,70,85,clear up 1.
climb on the bandwagon,70,85,climb on the bandwagon
climb the wall(s),70,85,climb the wall(s)
clip someone’s wings,70,85,clip someone’s wings
cloak-and-dagger,70,85,cloak-and-dagger
close as two coats of paint,70,85,close as two coats of paint
close at hand,70,85,close at hand
close enough for government work,70,85,close enough for government work
close in (on someone or something),70,85,close in (on someone or something)
close one’s eyes to something,70,85,close one’s eyes to something
close ranks,70,85,close ranks
close ranks (behind someone or something),70,85,close ranks (behind someone or something)
close ranks (with someone),70,85,close ranks (with someone)
close something down,70,85,close something down and shut something down
shut something down,70,85,close something down and shut something down
close the books (on someone or something),70,85,close the books (on someone or something)
close the door on someone or something,70,85,close the door on someone or something
close to home,70,85,close to home and where one lives
where one lives,70,85,close to home and where one lives
close to someone,71,86,close to someone
close up shop,71,86,close up shop
closefisted (with money),71,86,closefisted (with money)
cloud up,71,86,cloud up 1.
clue someone in (on something),71,86,clue someone in (on something)
clutch at straws,71,86,clutch at straws
The coast is clear.,71,86,The coast is clear.
coast-to-coast,71,86,coast-to-coast
coat and tie,71,86,coat and tie
cock-and-bull story,71,86,cock-and-bull story
cock of the walk,71,86,cock of the walk
cocky as the king of spades,71,86,cocky as the king of spades
coffee and Danish,71,86,coffee and Danish
coffee-table book,71,86,coffee-table book
"coffee, tea, or milk",71,86,"coffee, tea, or milk"
cold as a witch’s caress,71,86,cold as a witch’s caress
cold as a witch’s tit,71,86,cold as a witch’s tit
cold as marble,71,86,cold as marble
cold comfort,71,86,cold comfort
a cold fish,72,87,a cold fish
"cold, hard cash",72,87,"cold, hard cash"
come about,72,87,come about 1.
come a cropper,72,87,come a cropper
come across someone or something,72,87,come across someone or something and run across someone or something
run across someone or something,72,87,come across someone or something and run across someone or something
Come again.,72,87,Come again. 1.
Come and get it!,72,87,Come and get it!
come and gone,72,87,come and gone
come apart at the seams,72,87,come apart at the seams
come (a)round,72,87,come (a)round 1.
come as no surprise,72,87,come as no surprise
come away empty-handed,72,87,come away empty-handed
come by something,72,87,come by something 1.
come by something honestly,72,87,come by something honestly 1.
come clean (with someone),72,87,come clean (with someone)
come down,73,88,come down
come down hard on someone or something,73,88,come down hard on someone or something
come down in the world,73,88,come down in the world
come down to earth,73,88,come down to earth
come down to something,73,88,come down to something
come down with something,73,88,come down with something
come from far and wide,73,88,come from far and wide
come from nowhere,73,88,come from nowhere
come full circle,73,88,come full circle
come hell or high water,73,88,come hell or high water
come home (to roost),73,88,come home (to roost)
come home to someone,73,88,come home to someone
come in a body,73,88,come in a body and arrive in a body
come in for something,73,88,come in for something and fall in for something
fall in for something,73,88,come in for something and fall in for something
come in handy,73,88,come in handy
come in out of the rain,73,88,come in out of the rain
come into its own,74,89,come into its own
come into one’s own,74,89,come into one’s own and come into its own 1.
come into something,74,89,come into something
come of age,74,89,come of age
come off,74,89,come off
Come off it!,74,89,Come off it!
come off second-best,74,89,come off second-best
come on,74,89,come on
come on like gangbusters,74,89,come on like gangbusters
come on somehow,74,89,come on somehow
come on the scene,74,89,come on the scene and arrive on the scene
come out,74,89,come out 1.
come out ahead,74,89,come out ahead
come out for someone or something,74,89,come out for someone or something
come out in the wash,74,89,come out in the wash
come out of left field,74,89,come out of left field
come out of nowhere,74,89,come out of nowhere
nowhere,75,90,nowhere
come out of one’s shell,75,90,come out of one’s shell
come out of the blue,75,90,come out of the blue
come out (of the closet),75,90,come out (of the closet) 1.
come out with something,75,90,come out with something
come over,75,90,come over 1.
come someone’s way,75,90,come someone’s way
come through,75,90,come through 1.
come through something with flying colors,75,90,come through something with flying colors
come to,75,90,come to
come to a bad end,75,90,come to a bad end
come to a dead end,75,90,come to a dead end
come to a head,75,90,come to a head
come to an end,75,90,come to an end
come to an untimely end,75,90,come to an untimely end
come to a pretty pass,75,90,come to a pretty pass
come to a standstill,75,90,come to a standstill
come to a stop,76,91,come to a stop
come to blows (over something),76,91,come to blows (over something)
come to grief,76,91,come to grief
come to grips with something,76,91,come to grips with something
come to life,76,91,come to life
come to light,76,91,come to light
come to mind,76,91,come to mind
come to naught,76,91,come to naught
come to nothing,76,91,come to nothing and come to naught
come to one’s senses,76,91,come to one’s senses
come to pass,76,91,come to pass
come to rest,76,91,come to rest
come to terms with someone or something,76,91,come to terms with someone or something 1.
come to the fore,76,91,come to the fore
come to the point,76,91,come to the point and get to the point
get to the point,76,91,come to the point and get to the point
come to think of it,76,91,come to think of it
come true,76,91,come true
come unglued,76,91,come unglued
come up,77,92,come up
come up in the world,77,92,come up in the world
come up smelling like roses,77,92,come up smelling like roses
come up with someone or something,77,92,come up with someone or something
come what may,77,92,come what may
come within an ace of doing something,77,92,come within an ace of doing something
come within an inch of doing something,77,92,come within an inch of doing something and come within an ace of doing something
come with the territory,77,92,come with the territory
comfortable as an old shoe,77,92,comfortable as an old shoe
commit something to memory,77,92,commit something to memory
common as an old shoe,77,92,common as an old shoe
common as dirt,77,92,common as dirt
con someone out of something,77,92,con someone out of something
conceited as a barber’s cat,77,92,conceited as a barber’s cat
confide in someone,77,92,confide in someone
conk out,77,92,conk out 1.
conspicuous by one’s absence,77,92,conspicuous by one’s absence
contradiction in terms,77,92,contradiction in terms
contrary to something,77,92,contrary to something
control the purse strings,77,92,control the purse strings
cook someone’s goose,78,93,cook someone’s goose
cook something to perfection,78,93,cook something to perfection
cook something up,78,93,cook something up
cook the accounts,78,93,cook the accounts
cooking with gas,78,93,cooking with gas
cool as a cucumber,78,93,cool as a cucumber
cool down,78,93,cool down
Cool it!,78,93,Cool it!
cool off,78,93,cool off and cool down 1.
cool one’s heels,78,93,cool one’s heels
cool someone down,78,93,cool someone down and cool someone off 1.
cool someone off,78,93,cool someone down and cool someone off 1.
cop a plea,78,93,cop a plea
cop out,78,93,cop out
a copycat,78,93,a copycat
cost an arm and a leg,78,93,cost an arm and a leg
cost a pretty penny,78,93,cost a pretty penny
cough something up,78,93,cough something up
Could be better.,79,94,Could be better.
Could be worse.,79,94,Could be worse.
could do with someone or something,79,94,could do with someone or something
couldn’t be better,79,94,couldn’t be better
couldn’t be happier,79,94,couldn’t be happier
could(n’t) care less,79,94,could(n’t) care less
count noses,79,94,count noses
count one’s chickens before they hatch,79,94,count one’s chickens before they hatch
count on someone or something,79,94,count on someone or something
count someone in (on something),79,94,count someone in (on something)
count someone out (for something),79,94,count someone out (for something)
a couple of,79,94,a couple of
course of action,79,94,course of action
cover a lot of ground,79,94,cover a lot of ground and cover a lot of territory 1.
cover a lot of territory,79,94,cover a lot of ground and cover a lot of territory 1.
cover for someone,79,94,cover for someone 1.
cover someone’s tracks (up),79,94,cover someone’s tracks (up)
cover something up,80,95,cover something up
cover the territory,80,95,cover the territory
cover the waterfront,80,95,cover the waterfront and cover the territory
cozy up (to someone),80,95,cozy up (to someone)
crack a book,80,95,crack a book
crack a joke,80,95,crack a joke
crack a smile,80,95,crack a smile
crack down (on someone or something),80,95,crack down (on someone or something)
crack open a bottle,80,95,crack open a bottle
crack someone or something up,80,95,crack someone or something up 1.
crack something wide open,80,95,crack something wide open
crack up,80,95,crack up 1.
cramp someone’s style,80,95,cramp someone’s style
crank something out,80,95,crank something out
crash and burn,80,95,crash and burn
crazy about someone or something,80,95,crazy about someone or something and crazy for someone or something; mad about some-
crazy for someone or something,80,95,crazy about someone or something and crazy for someone or something; mad about some-
mad about some-,80,95,crazy about someone or something and crazy for someone or something; mad about some-
one or something,81,96,one or something; mad for someone or something; nuts about someone or something
mad for someone or something,81,96,one or something; mad for someone or something; nuts about someone or something
nuts about someone or something,81,96,one or something; mad for someone or something; nuts about someone or something
crazy as a betsy bug,81,96,crazy as a betsy bug
crazy as a loon,81,96,crazy as a loon
crazy as a peach-orchard boar,81,96,crazy as a peach-orchard boar
the cream of the crop,81,96,the cream of the crop
create an uproar,81,96,create an uproar and make an uproar
make an uproar,81,96,create an uproar and make an uproar
create a scene,81,96,create a scene
create a stink (about something),81,96,create a stink (about something) and make a stink (about something); raise a stink (about something)
make a stink (about something),81,96,create a stink (about something) and make a stink (about something); raise a stink (about something)
raise a stink (about something),81,96,create a stink (about something) and make a stink (about something); raise a stink (about something)
creature comforts,81,96,creature comforts
a credit to someone or something,81,96,a credit to someone or something
a crick in one’s back,81,96,a crick in one’s back
a crick in one’s neck,81,96,a crick in one’s neck
crooked as a barrel of fishhooks,81,96,crooked as a barrel of fishhooks
crooked as a dog’s hind leg,81,96,crooked as a dog’s hind leg
crooked as a fishhook,81,96,crooked as a fishhook
cross a bridge before one comes to it,81,96,cross a bridge before one comes to it
cross a bridge when one comes to it,81,96,cross a bridge when one comes to it
cross-examine someone,81,96,cross-examine someone
cross one’s fingers,81,96,cross one’s fingers
cross one’s heart (and hope to die),81,96,cross one’s heart (and hope to die)
cross someone’s mind,81,96,cross someone’s mind
cross someone’s palm with silver,81,96,cross someone’s palm with silver
cross someone up,82,97,cross someone up
cross swords (with someone) (on something),82,97,cross swords (with someone) (on something)
cross the Rubicon,82,97,cross the Rubicon
crushed by something,82,97,crushed by something
the crux of the matter,82,97,the crux of the matter
cry before one is hurt,82,97,cry before one is hurt
cry bloody murder,82,97,cry bloody murder
cry crocodile tears,82,97,cry crocodile tears
cry one’s eyes out,82,97,cry one’s eyes out
cry over spilled milk,82,97,cry over spilled milk
cry wolf,82,97,cry wolf
crying need for someone or something,82,97,crying need for someone or something
cue someone in,82,97,cue someone in 1.
curdle someone’s blood,82,97,curdle someone’s blood
Curiosity killed the cat.,82,97,Curiosity killed the cat.
curl someone’s hair,82,97,curl someone’s hair and make someone’s hair curl
make someone’s hair curl,82,97,curl someone’s hair and make someone’s hair curl
curl up and die,83,98,curl up and die
curry favor (with someone),83,98,curry favor (with someone)
cut a big swath,83,98,cut a big swath
a cut above someone or something,83,98,a cut above someone or something
cut across something,83,98,cut across something
cut a fine figure,83,98,cut a fine figure
cut-and-dried,83,98,cut-and-dried
cut and paste,83,98,cut and paste 1.
cut and run,83,98,cut and run
cut a wide swath,83,98,cut a wide swath and cut a big swath
cut back (on something),83,98,cut back (on something)
cut both ways,83,98,cut both ways
cut class,83,98,cut class
cut corners,83,98,cut corners
cut from the same cloth,83,98,cut from the same cloth and made from the same mold
made from the same mold,83,98,cut from the same cloth and made from the same mold
Cut it out!,83,98,Cut it out!
cut loose (from someone or something),83,98,cut loose (from someone or something)
cut loose (with something),84,99,cut loose (with something)
cut no ice (with someone),84,99,cut no ice (with someone)
cut off,84,99,cut off
cut off one’s nose to spite one’s face,84,99,cut off one’s nose to spite one’s face
cut one’s eyeteeth on something,84,99,cut one’s eyeteeth on something
cut one’s losses,84,99,cut one’s losses
cut one’s (own) throat,84,99,cut one’s (own) throat
cut out for something,84,99,cut out for something
cut out the deadwood,84,99,cut out the deadwood
cut out to be something,84,99,cut out to be something
cut (someone) a check,84,99,cut (someone) a check
cut someone dead,84,99,cut someone dead
cut someone down (to size),84,99,cut someone down (to size) and take someone down (to size)
take someone down (to size),84,99,cut someone down (to size) and take someone down (to size)
cut someone in,84,99,cut someone in
cut someone off without a penny,84,99,cut someone off without a penny
cut someone or something to the bone,84,99,cut someone or something to the bone 1.
cut someone or something up,85,100,cut someone or something up
cut someone to the quick,85,100,cut someone to the quick
cut teeth,85,100,cut teeth
cut the ground out from under someone,85,100,cut the ground out from under someone
cut to the chase,85,100,cut to the chase
cut up,85,100,cut up
the daily grind,86,101,the daily grind
damn someone or something with faint praise,86,101,damn someone or something with faint praise
dance to another tune,86,101,dance to another tune
dance with death,86,101,dance with death
dare someone (to do something),86,101,dare someone (to do something)
dark horse,86,101,dark horse
darken someone’s door,86,101,darken someone’s door
dart in and out,86,101,dart in and out
dash cold water on something,86,101,dash cold water on something
dash something off,86,101,dash something off
date back (to sometime),86,101,date back (to sometime)
Davy Jones’s locker,86,101,Davy Jones’s locker
dawn on someone,87,102,dawn on someone
day after day,87,102,day after day
day and night,87,102,day and night and night and day
night and day,87,102,day and night and night and day
day in and day out,87,102,"day in and day out and day in, day out"
"day in, day out",87,102,"day in and day out and day in, day out"
day-to-day,87,102,day-to-day
daylight robbery,87,102,daylight robbery
days running,87,102,days running and weeks running;months running; years running
weeks running,87,102,days running and weeks running;months running; years running
months running,87,102,days running and weeks running;months running; years running
years running,87,102,days running and weeks running;months running; years running
dead ahead,87,102,dead ahead
dead and buried,87,102,dead and buried
dead and gone,87,102,dead and gone
dead as a dodo,87,102,dead as a dodo
dead as a doornail,87,102,dead as a doornail
a dead duck,87,102,a dead duck
dead in someone’s or something’s tracks,87,102,dead in someone’s or something’s tracks
dead letter,87,102,dead letter 1.
a dead loss,87,102,a dead loss
dead on its feet,87,102,dead on its feet and dead on one’s feet
dead on one’s feet,87,102,dead on its feet and dead on one’s feet
dead set against someone or something,87,102,dead set against someone or something
dead to the world,88,103,dead to the world
deaf and dumb,88,103,deaf and dumb
deaf as a post,88,103,deaf as a post
deal in something,88,103,deal in something
death and taxes,88,103,death and taxes
death on someone or something,88,103,death on someone or something 1.
decide in favor of someone or something,88,103,decide in favor of someone or something
deem it (to be) necessary,88,103,deem it (to be) necessary and deem that it is necessary
deem that it is necessary,88,103,deem it (to be) necessary and deem that it is necessary
deep-six someone or something,88,103,deep-six someone or something
a den of iniquity,88,103,a den of iniquity
desert a sinking ship,88,103,desert a sinking ship and leave a sinking ship
leave a sinking ship,88,103,desert a sinking ship and leave a sinking ship
devil-may-care attitude,88,103,devil-may-care attitude and devil-maycare manner
devil-maycare manner,88,103,devil-may-care attitude and devil-maycare manner
devil-may-care manner,88,103,devil-may-care manner
a devil of a job,88,103,a devil of a job and
the devil’s own job,88,103,the devil’s own job
a diamond in the rough,88,103,a diamond in the rough
die a natural death,89,104,die a natural death 1.
die in one’s boots,89,104,die in one’s boots and die with one’s boots on
die with one’s boots on,89,104,die in one’s boots and die with one’s boots on
The die is cast.,89,104,The die is cast.
die laughing,89,104,die laughing 1.
die of a broken heart,89,104,die of a broken heart 1.
die of boredom,89,104,die of boredom
die on someone,89,104,die on someone 1.
die on the vine,89,104,die on the vine
different as night and day,89,104,different as night and day
dig in,89,104,dig in 1.
dig one’s heels in,89,104,dig one’s heels in
dig one’s own grave,89,104,dig one’s own grave
dig some dirt up on someone,89,104,dig some dirt up on someone
dig someone or something,90,105,dig someone or something
dig someone or something up,90,105,dig someone or something up
dig something out,90,105,dig something out
a dime a dozen,90,105,a dime a dozen
dine out,90,105,dine out
dip in(to something),90,105,dip in(to something)
dirt cheap,90,105,dirt cheap
dirty old man,90,105,dirty old man
dirty one’s hands,90,105,dirty one’s hands
dirty work,90,105,dirty work 1.
divide and conquer,90,105,divide and conquer
divide something fifty-fifty,90,105,divide something fifty-fifty and split something fifty-fifty
split something fifty-fifty,90,105,divide something fifty-fifty and split something fifty-fifty
do a double take,90,105,do a double take
do a flip-flop (on something),90,105,do a flip-flop (on something) and do an about-face
do an about-face,90,105,do a flip-flop (on something) and do an about-face
do a job on someone or something,90,105,do a job on someone or something 1.
do a land-office business,90,105,do a land-office business
do an errand,91,106,do an errand
do a number on someone or something,91,106,do a number on someone or something
do a snow job on someone,91,106,do a snow job on someone
do away with someone or something,91,106,do away with someone or something 1.
do credit to someone,91,106,do credit to someone and do someone credit
do someone credit,91,106,do credit to someone and do someone credit
Do I need to paint you a picture?,91,106,Do I need to paint you a picture?
do justice to something,91,106,do justice to something 1.
do not have a care in the world,91,106,do not have a care in the world
do not have a leg to stand on,91,106,do not have a leg to stand on
do not have all one’s marbles,91,106,do not have all one’s marbles
do one’s bit,91,106,do one’s bit
do one’s duty,91,106,do one’s duty
do oneself proud,91,106,do oneself proud
do one’s (level) best,91,106,do one’s (level) best
do one’s (own) thing,91,106,do one’s (own) thing
do one’s part,91,106,do one’s part and do one’s bit
do or die,92,107,do or die
do so,92,107,do so
do somehow by someone,92,107,do somehow by someone
do someone a good turn,92,107,do someone a good turn
do someone a kindness,92,107,do someone a kindness
do someone damage,92,107,do someone damage
do someone good,92,107,do someone good
do someone one better,92,107,do someone one better
do someone or something in,92,107,do someone or something in 1.
do someone or something over,92,107,do someone or something over and make someone or something over 1.
make someone or something over,92,107,do someone or something over and make someone or something over 1.
do someone out of something,92,107,do someone out of something
do someone’s bidding,92,107,do someone’s bidding
do someone’s heart good,92,107,do someone’s heart good
do something by hand,92,107,do something by hand
do something fair and square,92,107,do something fair and square
do something for a living,92,107,do something for a living
do something hands down,92,107,do something hands down
do something in a heartbeat,93,108,do something in a heartbeat
do something in person,93,108,do something in person
do something in public,93,108,do something in public
do something in secret,93,108,do something in secret
do something in vain,93,108,do something in vain
do something on the fly,93,108,do something on the fly
do something on the run,93,108,do something on the run
do something on the sly,93,108,do something on the sly
do something over (again),93,108,do something over (again)
do something the hard way,93,108,do something the hard way 1.
do something to excess,93,108,do something to excess
do something up,93,108,do something up
do something up brown,93,108,do something up brown
do something with a vengeance,93,108,do something with a vengeance
do the dishes,93,108,do the dishes
do the honors,93,108,do the honors
do the trick,94,109,do the trick
do too,94,109,do too and do so
do without (someone or something),94,109,do without (someone or something)
Do you read me?,94,109,Do you read me?
dog and pony show,94,109,dog and pony show
dog-eat-dog,94,109,dog-eat-dog
dog in the manger,94,109,dog in the manger
dollar for dollar,94,109,dollar for dollar
done in,94,109,done in
done to a T,94,109,done to a T and done to a turn
done to a turn,94,109,done to a T and done to a turn
Don’t hold your breath.,94,109,Don’t hold your breath.
Don’t let it go any further.,94,109,Don’t let it go any further. and Don’t let it out of this room.
Don’t let it out of this room.,94,109,Don’t let it go any further. and Don’t let it out of this room.
Don’t let it out of this room,94,109,Don’t let it out of this room
Don’t let someone or something get you down.,95,110,Don’t let someone or something get you down.
Don’t quit your day job.,95,110,Don’t quit your day job.
doomed to failure,95,110,doomed to failure
door-to-door,95,110,door-to-door 1.
a dose of one’s own medicine,95,110,a dose of one’s own medicine
double back (on someone or something),95,110,double back (on someone or something)
double-cross someone,95,110,double-cross someone
double in brass,95,110,double in brass
double up (with someone),95,110,double up (with someone)
doubting Thomas,95,110,doubting Thomas
down-and-dirty,95,110,down-and-dirty
down-and-out,95,110,down-and-out
down-at-the-heels,95,110,down-at-the-heels
down by some amount,95,110,down by some amount
down for the count,95,110,down for the count
down in the dumps,96,111,down in the dumps
down in the mouth,96,111,down in the mouth
down on one’s luck,96,111,down on one’s luck
down on someone or something,96,111,down on someone or something
down South,96,111,down South
down the drain,96,111,down the drain
down the hatch,96,111,down the hatch
down the street,96,111,down the street
down the tubes,96,111,down the tubes
down-to-earth,96,111,down-to-earth 1.
down to the last detail,96,111,down to the last detail
down to the wire,96,111,down to the wire
down with some disease,96,111,down with some disease
downhill all the way,96,111,downhill all the way
downhill from here on,96,111,downhill from here on
drag one’s feet,96,111,drag one’s feet
a drag (on someone),96,111,a drag (on someone)
draw a bead on someone or something,97,112,draw a bead on someone or something
draw a blank,97,112,draw a blank 1.
draw a line between something and something else,97,112,draw a line between something and something else and draw the line between something and something else
draw the line between something and something else,97,112,draw a line between something and something else and draw the line between something and something else
draw blood,97,112,draw blood 1.
draw interest,97,112,draw interest 1.
draw lots,97,112,draw lots and draw straws
draw straws,97,112,draw lots and draw straws
draw someone or something out,97,112,draw someone or something out 1.
draw (someone’s) fire (away from someone or something),97,112,draw (someone’s) fire (away from someone or something)
draw something to a close,97,112,draw something to a close
draw something up,97,112,draw something up
draw the line (at something),97,112,draw the line (at something)
draw to a close,98,113,draw to a close
drawn and quartered,98,113,drawn and quartered
a dream come true,98,113,a dream come true
Dream on.,98,113,Dream on.
dredge something up,98,113,dredge something up
dress someone down,98,113,dress someone down
dressed to kill,98,113,dressed to kill
dressed to the nines,98,113,dressed to the nines
dribs and drabs,98,113,dribs and drabs
drink to excess,98,113,drink to excess
drive a hard bargain,98,113,drive a hard bargain
drive at something,98,113,drive at something
drive someone crazy,98,113,drive someone crazy and drive someone mad 1.
drive someone mad,98,113,drive someone crazy and drive someone mad 1.
drive someone out (of office),98,113,drive someone out (of office)
drive someone to the wall,98,113,drive someone to the wall
drive someone up the wall,98,113,drive someone up the wall 1.
drive something home,98,113,drive something home
drive something into the ground,99,114,drive something into the ground
driving force (behind someone or something),99,114,driving force (behind someone or something)
drop a bomb(shell),99,114,drop a bomb(shell) and explode a bombshell; drop a brick
explode a bombshell,99,114,drop a bomb(shell) and explode a bombshell; drop a brick
drop a brick,99,114,drop a bomb(shell) and explode a bombshell; drop a brick
drop around (sometime),99,114,drop around (sometime) and drop by (sometime)
drop by (sometime),99,114,drop around (sometime) and drop by (sometime)
drop by the wayside,99,114,drop by the wayside
drop dead,99,114,drop dead 1.
drop everything,99,114,drop everything
drop in one’s tracks,99,114,drop in one’s tracks
drop in (on someone),99,114,drop in (on someone) and drop in (to say hello)
drop in (to say hello),99,114,drop in (on someone) and drop in (to say hello)
a drop in the bucket,99,114,a drop in the bucket
a drop in the ocean,99,114,a drop in the ocean and
drop names,99,114,drop names
drop off (to sleep),99,114,drop off (to sleep)
drop out (of something),99,114,drop out (of something)
drop someone,99,114,drop someone
drop someone a few lines,100,115,drop someone a few lines
drop someone a line,100,115,drop someone a line and drop someone a few lines
drop someone’s name,100,115,drop someone’s name
drop the ball,100,115,drop the ball
drop the other shoe,100,115,drop the other shoe
drop the subject,100,115,drop the subject
drown one’s sorrows,100,115,drown one’s sorrows
drown one’s troubles,100,115,drown one’s troubles and drown one’s sorrows
drown someone or something out,100,115,drown someone or something out
drug on the market,100,115,drug on the market
drum some business up,100,115,drum some business up
drum someone out of something,100,115,drum someone out of something
drum something into someone (‘s head),100,115,drum something into someone (‘s head)
drunk and disorderly,100,115,drunk and disorderly
drunk as a lord,100,115,drunk as a lord
drunk as a skunk,100,115,drunk as a skunk
dry as a bone,100,115,dry as a bone
dry as dust,100,115,dry as dust
dry run,100,115,dry run
dry someone out,100,115,dry someone out
dry up,101,116,dry up
duck and cover,101,116,duck and cover 1.
dull as dishwater,101,116,dull as dishwater
dull as ditchwater,101,116,dull as ditchwater
Dutch auction,101,116,Dutch auction
Dutch courage,101,116,Dutch courage
Dutch treat,101,116,Dutch treat
Dutch uncle,101,116,Dutch uncle
duty bound (to do something),101,116,duty bound (to do something)
dyed-in-the-wool,101,116,dyed-in-the-wool
dying to do something,101,116,dying to do something
an eager beaver,102,117,an eager beaver
an eagle eye,102,117,an eagle eye
early bird,102,117,early bird
The early bird gets the worm.,102,117,The early bird gets the worm.
early on,102,117,early on
"Early to bed, early to rise(, makes a man healthy, wealthy, and wise).",102,117,"Early to bed, early to rise(, makes a man healthy, wealthy, and wise)."
earn one’s keep,102,117,earn one’s keep
ease off (on someone or something),102,117,ease off (on someone or something) and ease up (on someone or something)
ease up (on someone or something),102,117,ease off (on someone or something) and ease up (on someone or something)
easier said than done,102,117,easier said than done
easy as ABC,102,117,easy as ABC
easy as (apple) pie,102,117,easy as (apple) pie
easy as duck soup,102,117,easy as duck soup
easy as falling off a log,102,117,easy as falling off a log
easy as rolling off a log,102,117,easy as rolling off a log
"easy come, easy go",102,117,"easy come, easy go"
Easy does it.,103,118,Easy does it.
easy to come by,103,118,easy to come by
eat (a meal) out,103,118,eat (a meal) out and dine out
eat and run,103,118,eat and run
eat away at someone or something,103,118,eat away at someone or something 1.
eat high on the hog,103,118,eat high on the hog
eat humble pie,103,118,eat humble pie 1.
eat like a bird,103,118,eat like a bird
eat like a horse,103,118,eat like a horse
eat one’s cake and have it too,103,118,eat one’s cake and have it too
eat one’s hat,103,118,eat one’s hat
eat one’s heart out,103,118,eat one’s heart out 1.
eat one’s words,103,118,eat one’s words
eat out of someone’s hands,103,118,eat out of someone’s hands
eat someone out of house and home,103,118,eat someone out of house and home
eat something up,104,119,eat something up
ebb and flow,104,119,ebb and flow
edge someone out,104,119,edge someone out
egg someone on,104,119,egg someone on
either feast or famine,104,119,either feast or famine
elbow someone out (of something),104,119,elbow someone out (of something)
eleventh-hour decision,104,119,eleventh-hour decision
the eleventh hour,104,119,the eleventh hour
an end in itself,104,119,an end in itself
the end of the line,104,119,the end of the line
the end of the road,104,119,the end of the road and
end something up,104,119,end something up
end up by doing something,104,119,end up by doing something
end up doing something,104,119,end up doing something and wind up doing something
wind up doing something,104,119,end up doing something and wind up doing something
end up (somehow),104,119,end up (somehow)
end up somewhere,105,120,end up somewhere and wind up somewhere
wind up somewhere,105,120,end up somewhere and wind up somewhere
end up with the short end of the stick,105,120,end up with the short end of the stick
engage in small talk,105,120,engage in small talk
Enjoy your meal.,105,120,Enjoy your meal.
Enough is enough.,105,120,Enough is enough.
enough to go (a)round,105,120,enough to go (a)round
enter one’s mind,105,120,enter one’s mind
enter the fray,105,120,enter the fray
equal to someone or something,105,120,equal to someone or something
escape someone’s notice,105,120,escape someone’s notice
even in the best of times,105,120,even in the best of times
even steven,105,120,even steven
ever and anon,105,120,ever and anon
Every cloud has a silver lining.,105,120,Every cloud has a silver lining.
Every dog has his day,105,120,Every dog has his day
Every dog has its day.,105,120,Every dog has its day. and Every dog has his day.
Every dog has his day.,105,120,Every dog has its day. and Every dog has his day.
every inch a something,105,120,every inch a something and every inch the something
every inch the something,105,120,every inch a something and every inch the something
every last one,105,120,every last one
every living soul,106,121,every living soul
every minute counts,106,121,every minute counts and every moment counts
every moment counts,106,121,every minute counts and every moment counts
every nook and cranny,106,121,every nook and cranny
(every) now and again,106,121,(every) now and again
(every) now and then,106,121,(every) now and then and (every) now and again; (every) once in a while
(every) once in a while,106,121,(every) now and then and (every) now and again; (every) once in a while
every other person or thing,106,121,every other person or thing
every time one turns around,106,121,every time one turns around
"(every) Tom, Dick, and Harry",106,121,"(every) Tom, Dick, and Harry"
every which way,106,121,every which way
everything but the kitchen sink,106,121,everything but the kitchen sink
everything from A to Z,106,121,everything from A to Z
everything from soup to nuts,106,121,everything from soup to nuts and everything from A to Z
everything humanly possible,106,121,everything humanly possible
Everything’s coming up roses.,106,121,Everything’s coming up roses.
the exception that proves the rule,106,121,the exception that proves the rule
exchange more than some number of words with someone,106,121,exchange more than some number of words with someone
exciting as watching (the) paint dry,107,122,exciting as watching (the) paint dry
excuse oneself,107,122,excuse oneself
excuse someone,107,122,excuse someone 1.
expecting (a child),107,122,expecting (a child)
expense is no object,107,122,expense is no object
explain oneself,107,122,explain oneself 1.
explain something away,107,122,explain something away
express one’s anger,107,122,express one’s anger
extend credit (to someone),107,122,extend credit (to someone) and extend someone credit
extend someone credit,107,122,extend credit (to someone) and extend someone credit
extend one’s sympathy (to someone),107,122,extend one’s sympathy (to someone)
extenuating circumstances,107,122,extenuating circumstances
the eye of the storm,107,122,the eye of the storm
eyeball-to-eyeball,107,122,eyeball-to-eyeball
face someone down,109,124,face someone down
face the music,109,124,face the music
face-to-face,109,124,face-to-face 1.
the facts of life,109,124,the facts of life 1.
fair and impartial,109,124,fair and impartial
fair and square,109,124,fair and square
fair game,109,124,fair game
fair-haired boy,109,124,fair-haired boy
fair to middling,109,124,fair to middling
fair-weather friend,109,124,fair-weather friend
fall afoul of someone or something,109,124,fall afoul of someone or something and run afoul of someone or something
run afoul of someone or something,109,124,fall afoul of someone or something and run afoul of someone or something
fall (all) over oneself,110,125,fall (all) over oneself
fall all over someone,110,125,fall all over someone
fall apart at the seams,110,125,fall apart at the seams
fall asleep,110,125,fall asleep
fall back on someone or something,110,125,fall back on someone or something
fall between two stools,110,125,fall between two stools
fall by the wayside,110,125,fall by the wayside and drop by the wayside
fall down on the job,110,125,fall down on the job
fall flat (on its face),110,125,fall flat (on its face)
fall flat (on one’s face),110,125,fall flat (on one’s face) and fall flat (on its face)
fall for someone or something,110,125,fall for someone or something 1.
fall from grace,110,125,fall from grace
fall head over heels,110,125,fall head over heels
fall head over heels in love (with someone),110,125,fall head over heels in love (with someone)
fall ill,110,125,fall ill
fall in,110,125,fall in
fall in love (with someone),111,126,fall in love (with someone)
fall into a trap,111,126,fall into a trap and fall into the trap; fall into someone’s trap
fall into the trap,111,126,fall into a trap and fall into the trap; fall into someone’s trap
fall into someone’s trap,111,126,fall into a trap and fall into the trap; fall into someone’s trap
fall in(to) line,111,126,fall in(to) line 1.
fall in(to) place,111,126,fall in(to) place
fall in with someone or something,111,126,fall in with someone or something 1.
fall off,111,126,fall off
fall on deaf ears,111,126,fall on deaf ears
fall out,111,126,fall out 1.
fall out (with someone about something),111,126,fall out (with someone about something)
fall out (with someone over something),111,126,fall out (with someone over something) and fall out (with someone about something)
fall over backwards (to do something),111,126,fall over backwards (to do something) and bend over backwards (to do something);lean over backwards (to do something)
lean over backwards (to do something),111,126,fall over backwards (to do something) and bend over backwards (to do something);lean over backwards (to do something)
fall short (of something),111,126,fall short (of something) 1.
fall through,111,126,fall through
fall to,111,126,fall to
fall to someone to do something,112,127,fall to someone to do something
fall (up)on someone or something,112,127,fall (up)on someone or something 1.
familiar with someone or something,112,127,familiar with someone or something
Familiarity breeds contempt.,112,127,Familiarity breeds contempt.
a fan of someone,112,127,a fan of someone
fan the flames (of something),112,127,fan the flames (of something)
far and away the best,112,127,far and away the best
far as anyone knows,112,127,far as anyone knows
far as something is concerned,112,127,far as something is concerned
a faraway look,112,127,a faraway look and
far be it from me to do something,112,127,far be it from me to do something
a far cry from something,112,127,a far cry from something
far from it,112,127,far from it
far into the night,112,127,far into the night
a far-off look,112,127,a far-off look
far out,112,127,far out 1.
farm someone or something out,112,127,farm someone or something out 1.
fast and furious,113,128,fast and furious
faster and faster,113,128,faster and faster
fat and happy,113,128,fat and happy
fat as a pig,113,128,fat as a pig
fat chance,113,128,fat chance
favor someone or something with something,113,128,favor someone or something with something
feast one’s eyes (on someone or something),113,128,feast one’s eyes (on someone or something)
a feather in one’s cap,113,128,a feather in one’s cap
feather one’s (own) nest,113,128,feather one’s (own) nest 1.
fed up (to somewhere) (with someone or something),113,128,fed up (to somewhere) (with someone or something)
feed one’s face,113,128,feed one’s face
feed someone a line,113,128,feed someone a line
feed the kitty,113,128,feed the kitty
feel a glow of something,113,128,feel a glow of something
feel at home,113,128,feel at home
feel dragged out,113,128,feel dragged out
feel fit,113,128,feel fit
feel free (to do something),113,128,feel free (to do something)
feel it beneath one (to do something),114,129,feel it beneath one (to do something)
feel like a million (dollars),114,129,feel like a million (dollars)
feel like a new person,114,129,feel like a new person
feel like doing something,114,129,feel like doing something 1.
feel like (having) something,114,129,feel like (having) something
feel one’s gorge rise,114,129,feel one’s gorge rise
feel on top of the world,114,129,feel on top of the world
feel out of place,114,129,feel out of place
feel put-upon,114,129,feel put-upon
feel someone out,114,129,feel someone out
feel something in one’s bones,114,129,feel something in one’s bones and know something in one’s bones
know something in one’s bones,114,129,feel something in one’s bones and know something in one’s bones
feel the pinch,114,129,feel the pinch
feel up to something,114,129,feel up to something
feeling no pain,114,129,feeling no pain
fence someone in,114,129,fence someone in
fend for oneself,114,129,fend for oneself
ferret something out of someone or something,114,129,ferret something out of someone or something
few and far between,115,130,few and far between
a few cards short of a deck,115,130,a few cards short of a deck
a few cards shy of a full deck,115,130,a few cards shy of a full deck and
fiddle about (with someone or something),115,130,fiddle about (with someone or something)
fiddle around (with someone or something),115,130,fiddle around (with someone or something) and fiddle about (with someone or something) 1.
fiddle while Rome burns,115,130,fiddle while Rome burns
field questions,115,130,field questions
fight against time,115,130,fight against time
fight someone or something hammer and tongs,115,130,fight someone or something hammer and tongs and fight someone or something tooth and nail; go at it hammer and tongs; go at it tooth and nail
fight someone or something tooth and nail,115,130,fight someone or something hammer and tongs and fight someone or something tooth and nail; go at it hammer and tongs; go at it tooth and nail
go at it hammer and tongs,115,130,fight someone or something hammer and tongs and fight someone or something tooth and nail; go at it hammer and tongs; go at it tooth and nail
go at it tooth and nail,115,130,fight someone or something hammer and tongs and fight someone or something tooth and nail; go at it hammer and tongs; go at it tooth and nail
a fighting chance,115,130,a fighting chance
figure in something,115,130,figure in something
figure on something,115,130,figure on something
figure someone or something out,115,130,figure someone or something out
fill someone in (on someone or something),115,130,fill someone in (on someone or something)
fill someone’s shoes,116,131,fill someone’s shoes
fill the bill,116,131,fill the bill and fit the bill
fit the bill,116,131,fill the bill and fit the bill
filled to the brim,116,131,filled to the brim
a final fling,116,131,a final fling
find a happy medium,116,131,find a happy medium
find fault (with someone or something),116,131,find fault (with someone or something)
find it in one’s heart (to do something),116,131,find it in one’s heart (to do something)
find its way somewhere,116,131,find its way somewhere
find oneself,116,131,find oneself
find one’s feet,116,131,find one’s feet
find one’s own level,116,131,find one’s own level
find one’s tongue,116,131,find one’s tongue
find one’s way (around),116,131,find one’s way (around)
find one’s way somewhere,116,131,find one’s way somewhere
find someone guilty,116,131,find someone guilty and find someone innocent
find someone innocent,116,131,find someone guilty and find someone innocent
find someone or something out,116,131,find someone or something out 1.
find (something) out the hard way,117,132,find (something) out the hard way
"Finders keepers(, losers weepers).",117,132,"Finders keepers(, losers weepers)."
fine and dandy,117,132,fine and dandy
a fine how-de-do,117,132,a fine how-de-do
a fine how-do-you-do,117,132,a fine how-do-you-do and
a fine kettle of fish,117,132,a fine kettle of fish
the fine print,117,132,the fine print
a fine state of affairs,117,132,a fine state of affairs
fire a gun,117,132,fire a gun
fire away at someone or something,117,132,fire away at someone or something 1.
firing on all cylinders,117,132,firing on all cylinders and hitting on all cylinders
hitting on all cylinders,117,132,firing on all cylinders and hitting on all cylinders
first and foremost,117,132,first and foremost
first and ten,117,132,first and ten
"First come, first served.",117,132,"First come, first served."
first of all,117,132,first of all
first off,117,132,first off
first thing (in the morning),117,132,first thing (in the morning)
first things first,117,132,first things first
fish for a compliment,117,132,fish for a compliment
fish for something,118,133,fish for something
fish in troubled waters,118,133,fish in troubled waters
fish or cut bait,118,133,fish or cut bait
fit and trim,118,133,fit and trim
fit as a fiddle,118,133,fit as a fiddle
fit for a king,118,133,fit for a king
fit in someone,118,133,fit in someone
fit in (with someone or something),118,133,fit in (with someone or something)
fit like a glove,118,133,fit like a glove
fit someone in(to something),118,133,fit someone in(to something) and fit in someone
fit someone or something out (with something),118,133,fit someone or something out (with something)
fit someone to a T,118,133,fit someone to a T 1.
fit to be tied,118,133,fit to be tied
fit to kill,118,133,fit to kill
fix someone’s wagon,118,133,fix someone’s wagon
fix someone up (with someone or something),118,133,fix someone up (with someone or something) 1.
fizzle out,118,133,fizzle out
flare up,118,133,flare up
a flash in the pan,119,134,a flash in the pan
flat as a board,119,134,flat as a board
flat as a pancake,119,134,flat as a pancake
flat broke,119,134,flat broke
flat out,119,134,flat out 1.
Flattery will get you nowhere.,119,134,Flattery will get you nowhere.
flesh and blood,119,134,flesh and blood 1.
flesh something out,119,134,flesh something out
flight of fancy,119,134,flight of fancy
fling oneself at someone,119,134,fling oneself at someone
flip one’s lid,119,134,flip one’s lid
flip one’s wig,119,134,flip one’s wig and flip one’s lid
flirt with the idea of doing something,119,134,flirt with the idea of doing something
float a loan,119,134,float a loan
flora and fauna,119,134,flora and fauna
flotsam and jetsam,119,134,flotsam and jetsam
fluff one’s lines,120,135,fluff one’s lines and blow one’s lines; muff one’s lines
muff one’s lines,120,135,fluff one’s lines and blow one’s lines; muff one’s lines
flunk out,120,135,flunk out
flunk someone out,120,135,flunk someone out
flush with something,120,135,flush with something 1.
fly-by-night,120,135,fly-by-night
fly in the face of someone or something,120,135,fly in the face of someone or something and fly in the teeth of someone or something
fly in the teeth of someone or something,120,135,fly in the face of someone or something and fly in the teeth of someone or something
a fly in the ointment,120,135,a fly in the ointment
fly into the face of danger,120,135,fly into the face of danger
fly off the handle,120,135,fly off the handle
fly the coop,120,135,fly the coop
foam at the mouth,120,135,foam at the mouth
fob something off (on someone),120,135,fob something off (on someone)
foist something (off) on someone,120,135,foist something (off) on someone
fold one’s hands,120,135,fold one’s hands
fold something up,121,136,fold something up
"fold, spindle, or mutilate",121,136,"fold, spindle, or mutilate"
fold up,121,136,fold up
follow in someone’s footsteps,121,136,follow in someone’s footsteps
follow in someone’s tracks,121,136,follow in someone’s tracks and follow in someone’s footsteps
follow one’s heart,121,136,follow one’s heart
follow one’s nose,121,136,follow one’s nose 1.
follow orders,121,136,follow orders
follow someone or something up,121,136,follow someone or something up 1.
follow someone’s lead,121,136,follow someone’s lead
follow suit,121,136,follow suit
follow the crowd,121,136,follow the crowd
follow through (on something),121,136,follow through (on something) and carry through (on something)
follow up (on someone or something),121,136,follow up (on someone or something)
follow up (on something),122,137,follow up (on something)
fond of someone or something,122,137,fond of someone or something
food for thought,122,137,food for thought
A fool and his money are soon parted.,122,137,A fool and his money are soon parted.
fool around (with someone or something),122,137,fool around (with someone or something)
fools rush in (where angels fear to tread),122,137,fools rush in (where angels fear to tread)
foot the bill,122,137,foot the bill
footloose and fancy-free,122,137,footloose and fancy-free
for a lark,122,137,for a lark and on a lark
on a lark,122,137,for a lark and on a lark
for all I care,122,137,for all I care
for all I know,122,137,for all I know
for all intents and purposes,122,137,for all intents and purposes
for all it’s worth,122,137,for all it’s worth and for what(ever) it’s worth
for what(ever) it’s worth,122,137,for all it’s worth and for what(ever) it’s worth
for all practical purposes,122,137,for all practical purposes
for all something,122,137,for all something
for all the world,122,137,for all the world 1.
for better or for worse,123,138,for better or for worse
for chicken feed,123,138,for chicken feed and for peanuts
for peanuts,123,138,for chicken feed and for peanuts
For crying out loud!,123,138,For crying out loud!
for days on end,123,138,for days on end
for fear of something,123,138,for fear of something
for free,123,138,for free
for good,123,138,for good
for good measure,123,138,for good measure
for hours on end,123,138,for hours on end
for instance,123,138,for instance
for keeps,123,138,for keeps
for kicks,123,138,for kicks
for life,123,138,for life
for one’s (own) part,123,138,for one’s (own) part
for one’s (own) sake,123,138,for one’s (own) sake
for openers,123,138,for openers and for starters
for starters,123,138,for openers and for starters
for real,123,138,for real
for safekeeping,123,138,for safekeeping
for sale,123,138,for sale
for short,123,138,for short
for sure,124,139,for sure
for that matter,124,139,for that matter
for the best,124,139,for the best
for the better,124,139,for the better
for the birds,124,139,for the birds
for the devil of it,124,139,for the devil of it and for the heck of it; for the hell of it
for the heck of it,124,139,for the devil of it and for the heck of it; for the hell of it
for the hell of it,124,139,for the devil of it and for the heck of it; for the hell of it
for the duration,124,139,for the duration
for the good of someone or something,124,139,for the good of someone or something
for the life of one,124,139,for the life of one
for the moment,124,139,for the moment and for the time being
for the time being,124,139,for the moment and for the time being
for the most part,124,139,for the most part
for the odds to be against one,124,139,for the odds to be against one
for the record,124,139,for the record
for the sake of someone or something,124,139,for the sake of someone or something
forbidden fruit,124,139,forbidden fruit
force someone or something down someone’s throat,125,140,force someone or something down someone’s throat
force someone out (of office),125,140,force someone out (of office) and drive someone out (of office)
force someone’s hand,125,140,force someone’s hand
force someone to the wall,125,140,force someone to the wall and drive someone to the wall
a force to be reckoned with,125,140,a force to be reckoned with
fore and aft,125,140,fore and aft
a foregone conclusion,125,140,a foregone conclusion
forever and a day,125,140,forever and a day
forever and ever,125,140,forever and ever and forever and a day
forget oneself,125,140,forget oneself
forgive and forget,125,140,forgive and forget
fork money out (for something),125,140,fork money out (for something)
fork something over,125,140,fork something over
form and substance,125,140,form and substance
form an opinion,125,140,form an opinion
forty winks,125,140,forty winks
foul one’s own nest,126,141,foul one’s own nest
foul play,126,141,foul play
foul someone or something up,126,141,foul someone or something up
foul up,126,141,foul up
fouled up,126,141,fouled up
fraught with danger,126,141,fraught with danger
free and clear,126,141,free and clear
free and easy,126,141,free and easy
free as a bird,126,141,free as a bird
free as (the) air,126,141,free as (the) air
free-for-all,126,141,free-for-all
free translation,126,141,free translation
fresh as a daisy,126,141,fresh as a daisy
fresh out (of something),126,141,fresh out (of something) and clean out (of something)
A friend in need is a friend indeed.,126,141,A friend in need is a friend indeed.
friend or foe,126,141,friend or foe
frighten one out of one’s wits,126,141,frighten one out of one’s wits and scare one out of one’s wits
scare one out of one’s wits,126,141,frighten one out of one’s wits and scare one out of one’s wits
frighten someone to death,126,141,frighten someone to death and scare someone to death
scare someone to death,126,141,frighten someone to death and scare someone to death
frighten the (living) daylights out of someone,126,141,frighten the (living) daylights out of someone
frighten the wits out of someone,127,142,frighten the wits out of someone and frighten the (living) daylights out of someone; scare the (living) daylights out of someone; scare the wits out of someone
scare the (living) daylights out of someone,127,142,frighten the wits out of someone and frighten the (living) daylights out of someone; scare the (living) daylights out of someone; scare the wits out of someone
scare the wits out of someone,127,142,frighten the wits out of someone and frighten the (living) daylights out of someone; scare the (living) daylights out of someone; scare the wits out of someone
frightened to death,127,142,frightened to death and scared to death
scared to death,127,142,frightened to death and scared to death
fritter something away,127,142,fritter something away
from dawn to dusk,127,142,from dawn to dusk
from day to day,127,142,from day to day
from door to door,127,142,from door to door
from far and near,127,142,from far and near and from near and far
from near and far,127,142,from far and near and from near and far
from hand to hand,127,142,from hand to hand
from head to toe,127,142,from head to toe
from overseas,127,142,from overseas
from pillar to post,127,142,from pillar to post
from rags to riches,127,142,from rags to riches
from side to side,127,142,from side to side
from start to finish,127,142,from start to finish
from stem to stern,127,142,from stem to stern
from the bottom of one’s heart,127,142,from the bottom of one’s heart
from the cradle to the grave,128,143,from the cradle to the grave
from the ground up,128,143,from the ground up
from the heart,128,143,from the heart
from the horse’s mouth,128,143,from the horse’s mouth
from the old school,128,143,from the old school
from the outset,128,143,from the outset
from the top,128,143,from the top
from the word go,128,143,from the word go
from this day forward,128,143,from this day forward
from this day on,128,143,from this day on and from this day forward
from time to time,128,143,from time to time
from tip to toe,128,143,from tip to toe
from top to bottom,128,143,from top to bottom
from way back,128,143,from way back
fruit(s) of one’s labor(s),128,143,fruit(s) of one’s labor(s)
full as a tick,128,143,full as a tick
full blast,128,143,full blast
full of beans,128,143,full of beans
full of bull,128,143,full of bull
full of hot air,128,143,full of hot air and full of beans; full of bull; full of it; full of prunes
full of it,128,143,full of hot air and full of beans; full of bull; full of it; full of prunes
full of prunes,128,143,full of hot air and full of beans; full of bull; full of it; full of prunes
full of Old Nick,128,143,full of Old Nick
full of oneself,128,143,full of oneself
full of the devil,129,144,full of the devil and full of Old Nick
full steam ahead,129,144,full steam ahead
fun and games,129,144,fun and games
funny as a barrel of monkeys,129,144,funny as a barrel of monkeys
funny as a crutch,129,144,funny as a crutch
funny business,129,144,funny business
funny ha-ha,129,144,funny ha-ha
funny peculiar,129,144,funny peculiar
gain ground,130,145,gain ground
The game is up.,130,145,The game is up. and
a game that two can play,130,145,a game that two can play
gang up (on someone),130,145,gang up (on someone)
a gas,130,145,a gas
gas up,130,145,gas up
gaudy as a butterfly,130,145,gaudy as a butterfly
gear (oneself) up (for something),130,145,gear (oneself) up (for something)
gear something to someone or something,130,145,gear something to someone or something
generous to a fault,130,145,generous to a fault
gentle as a lamb,130,145,gentle as a lamb
get a bang out of someone or something,130,145,get a bang out of someone or something
get a bee in one’s bonnet,130,145,get a bee in one’s bonnet
get a big send-off,130,145,get a big send-off
get a black eye,131,146,get a black eye 1.
get a break,131,146,get a break
get a bright idea,131,146,get a bright idea
get a charge out of someone or something,131,146,get a charge out of someone or something and get a bang out of someone or something; get a kick out of someone or something
get a kick out of someone or something,131,146,get a charge out of someone or something and get a bang out of someone or something; get a kick out of someone or something
get a charley horse,131,146,get a charley horse
get a checkup,131,146,get a checkup
get a clean bill of health,131,146,get a clean bill of health
get a crush on someone,131,146,get a crush on someone
get a dirty look from someone,131,146,get a dirty look from someone
get a feel for something,131,146,get a feel for something
get a fix on something,131,146,get a fix on something 1.
get a foothold (somewhere),131,146,get a foothold (somewhere) and get a toehold (somewhere)
get a toehold (somewhere),131,146,get a foothold (somewhere) and get a toehold (somewhere)
get a free hand (with someone or something),131,146,get a free hand (with someone or something)
get a frog in one’s throat,131,146,get a frog in one’s throat
get after someone,132,147,get after someone
get a grasp of something,132,147,get a grasp of something
get a handle on something,132,147,get a handle on something
get a hand with something,132,147,get a hand with something
get ahead of oneself,132,147,get ahead of oneself
get a head start (on someone or something),132,147,get a head start (on someone or something) 1.
get (a)hold of someone or something,132,147,get (a)hold of someone or something 1.
get a hurry on,132,147,get a hurry on and get a move on
get a move on,132,147,get a hurry on and get a move on
get a jump(start),132,147,get a jump(start)
get a licking,132,147,get a licking and take a licking
take a licking,132,147,get a licking and take a licking
Get a life!,132,147,Get a life!
get a line on someone or something,132,147,get a line on someone or something
get (all) dolled up,132,147,get (all) dolled up
get a load off one’s feet,132,147,get a load off one’s feet and take a load off one’s feet
take a load off one’s feet,132,147,get a load off one’s feet and take a load off one’s feet
get a load off one’s mind,133,148,get a load off one’s mind
get a load of someone or something,133,148,get a load of someone or something
get along (in years),133,148,get along (in years)
get along (on a shoestring),133,148,get along (on a shoestring)
get along (without (someone or something)),133,148,get along (without (someone or something))
get along (with someone or something),133,148,get along (with someone or something)
get a lot of mileage out of something,133,148,get a lot of mileage out of something
get a lump in one’s throat,133,148,get a lump in one’s throat
get an earful,133,148,get an earful
get an eyeful (of someone or something),133,148,get an eyeful (of someone or something)
get an in (with someone),133,148,get an in (with someone)
get another guess coming,133,148,get another guess coming
get another think coming,133,148,get another think coming and get another guess coming
get ants in one’s pants,133,148,get ants in one’s pants
get a rain check (on something),133,148,get a rain check (on something) and take a rain check (on something) 1.
take a rain check (on something),133,148,get a rain check (on something) and take a rain check (on something) 1.
get a raw deal,134,149,get a raw deal
get a reputation (as a something),134,149,get a reputation (as a something)
get a reputation (for doing something),134,149,get a reputation (for doing something)
get a rise out of someone,134,149,get a rise out of someone
get a rough idea (about something),134,149,get a rough idea (about something) and get a rough idea (of something)
get a rough idea (of something),134,149,get a rough idea (about something) and get a rough idea (of something)
get around,134,149,get around
get around to doing something,134,149,get around to doing something
get (around) to something,134,149,get (around) to something
get a run for one’s money,134,149,get a run for one’s money 1.
get a shellacking,134,149,get a shellacking and take a shellacking 1.
take a shellacking,134,149,get a shellacking and take a shellacking 1.
get a slap on the wrist,135,150,get a slap on the wrist
get a start,135,150,get a start 1. and get a jump(start)
get a taste of one’s own medicine,135,150,get a taste of one’s own medicine
get a thing about someone or something,135,150,get a thing about someone or something
get a tongue-lashing,135,150,get a tongue-lashing
get at someone or something,135,150,get at someone or something 1.
get at the heart of the matter,135,150,get at the heart of the matter
get away (from it all),135,150,get away (from it all)
get away with something,135,150,get away with something
get a whiff of something,135,150,get a whiff of something and catch a whiff of something
get a word in edgeways,135,150,get a word in edgeways
get a word in edgewise,135,150,get a word in edgewise and get a word in edgeways
get back (at someone),136,151,get back (at someone) and have back at someone
have back at someone,136,151,get back (at someone) and have back at someone
get back into circulation,136,151,get back into circulation
get back into harness,136,151,get back into harness
get back on one’s feet,136,151,get back on one’s feet
get back (to someone),136,151,get back (to someone)
get better,136,151,get better
get busy,136,151,get busy
get butterflies in one’s stomach,136,151,get butterflies in one’s stomach
get by (on something),136,151,get by (on something)
get by (with something),136,151,get by (with something) 1.
get carried away,136,151,get carried away
get close (to someone or something),136,151,get close (to someone or something) 1.
get cold feet,137,152,get cold feet and have cold feet
have cold feet,137,152,get cold feet and have cold feet
get cracking,137,152,get cracking
get credit (for something),137,152,get credit (for something)
get down to brass tacks,137,152,get down to brass tacks
get down to business,137,152,get down to business and get down to work
get down to work,137,152,get down to business and get down to work
get down to cases,137,152,get down to cases
get down to (doing) something,137,152,get down to (doing) something
get down to the facts,137,152,get down to the facts
get down to the nitty-gritty,137,152,get down to the nitty-gritty
get even (with someone),137,152,get even (with someone)
get fresh (with someone),137,152,get fresh (with someone)
get goose bumps,137,152,get goose bumps and get goose pimples
get goose pimples,137,152,get goose bumps and get goose pimples
get gray hair(s),137,152,get gray hair(s)
get hell,137,152,get hell
get in on something,137,152,get in on something
get in (on the ground floor),137,152,get in (on the ground floor)
get in someone’s hair,138,153,get in someone’s hair
get into a jam,138,153,get into a jam
get into a mess,138,153,get into a mess and get into a jam
get into an argument (with someone),138,153,get into an argument (with someone)
get into full swing,138,153,get into full swing and get into high gear
get into high gear,138,153,get into full swing and get into high gear
get in(to) hot water,138,153,get in(to) hot water
get into the act,138,153,get into the act
get into the swing of things,138,153,get into the swing of things
get in touch (with someone),138,153,get in touch (with someone)
get involved (with someone),138,153,get involved (with someone)
get it,138,153,get it
get it (all) together,138,153,get it (all) together
get it in the neck,138,153,get it in the neck
get lost,138,153,get lost 1.
get mad (at someone or something),138,153,get mad (at someone or something) 1.
get married,139,154,get married
get mixed-up,139,154,get mixed-up
get nowhere fast,139,154,get nowhere fast
get off,139,154,get off 1.
get off easy,139,154,get off easy and get off lightly
get off lightly,139,154,get off easy and get off lightly
Get off it!,139,154,Get off it!
get off on the wrong foot,139,154,get off on the wrong foot and get off to a bad start
get off to a bad start,139,154,get off on the wrong foot and get off to a bad start
on the wrong foot,139,154,on the wrong foot
get off scot-free,139,154,get off scot-free
Get off someone’s back!,139,154,Get off someone’s back!
Get off someone’s case!,139,154,Get off someone’s case! and Get off someone’s back!; Get off someone’s tail!
Get off someone’s tail!,139,154,Get off someone’s case! and Get off someone’s back!; Get off someone’s tail!
get off the hook,139,154,get off the hook
get off to a flying start,139,154,get off to a flying start
get off your high horse,139,154,get off your high horse
get one’s act together,139,154,get one’s act together
get one’s bearings,139,154,get one’s bearings
get one’s comeuppance,140,155,get one’s comeuppance
get one’s ducks in a row,140,155,get one’s ducks in a row
get (oneself) into a stew (over someone or something),140,155,get (oneself) into a stew (over someone or something)
get one’s feet on the ground,140,155,get one’s feet on the ground and have one’s feet on the ground
have one’s feet on the ground,140,155,get one’s feet on the ground and have one’s feet on the ground
get one’s feet wet,140,155,get one’s feet wet
get one’s fill of someone or something,140,155,get one’s fill of someone or something
get one’s fingers burned,140,155,get one’s fingers burned
get one’s foot in the door,140,155,get one’s foot in the door
get one’s hands dirty,140,155,get one’s hands dirty and dirty one’s hands; soil one’s hands
soil one’s hands,140,155,get one’s hands dirty and dirty one’s hands; soil one’s hands
get one’s hands on someone or something,140,155,get one’s hands on someone or something and lay one’s hands on someone or something
lay one’s hands on someone or something,140,155,get one’s hands on someone or something and lay one’s hands on someone or something
get one’s head above water,140,155,get one’s head above water
get one’s hooks into someone or something,141,156,get one’s hooks into someone or something
get one’s just deserts,141,156,get one’s just deserts
get one’s just reward(s),141,156,get one’s just reward(s)
get one’s knuckles rapped,141,156,get one’s knuckles rapped
get one’s money’s worth,141,156,get one’s money’s worth
get one’s nose out of someone’s business,141,156,get one’s nose out of someone’s business
get one’s (own) way (with someone or something),141,156,get one’s (own) way (with someone or something)
get one’s say,141,156,get one’s say
get one’s sea legs,141,156,get one’s sea legs
get one’s second wind,141,156,get one’s second wind 1.
get one’s start,141,156,get one’s start
get one’s teeth into something,141,156,get one’s teeth into something
get one’s walking papers,141,156,get one’s walking papers
get one’s wires crossed,142,157,get one’s wires crossed
get one’s wits about one,142,157,get one’s wits about one
get on someone,142,157,get on someone
get on someone’s nerves,142,157,get on someone’s nerves
get on the bandwagon,142,157,get on the bandwagon and jump on the bandwagon
jump on the bandwagon,142,157,get on the bandwagon and jump on the bandwagon
get on the good side of someone,142,157,get on the good side of someone
get on (with someone or something),142,157,get on (with someone or something) and get along (with someone or something) 1.
get out from under someone or something,142,157,get out from under someone or something 1.
get out of a jam,142,157,get out of a jam
get out of a mess,142,157,get out of a mess
get out of someone’s way,142,157,get out of someone’s way and get out of the way
get out of the way,142,157,get out of someone’s way and get out of the way
get out of the wrong side of the bed,142,157,get out of the wrong side of the bed
get out while the getting is good,142,157,get out while the getting is good
get over someone or something,142,157,get over someone or something
get physical (with someone),143,158,get physical (with someone) 1.
get ready (to do something),143,158,get ready (to do something)
get religion,143,158,get religion
get rid of someone or something,143,158,get rid of someone or something
get right on something,143,158,get right on something
get rolling,143,158,get rolling
get second thoughts about someone or something,143,158,get second thoughts about someone or something
get set,143,158,get set
get sick,143,158,get sick 1.
get sidetracked,143,158,get sidetracked
get someone down,143,158,get someone down
get (someone) off the hook,143,158,get (someone) off the hook
get someone or something across,143,158,get someone or something across
get someone or something down,143,158,get someone or something down 1.
get someone or something out of one’s head,143,158,get someone or something out of one’s head
get someone or something out of one’s mind,143,158,get someone or something out of one’s mind and get someone or something out of one’s head
get someone or something out of the way,144,159,get someone or something out of the way
get someone out of a jam,144,159,get someone out of a jam
get someone over a barrel,144,159,get someone over a barrel and get someone under one’s thumb
get someone under one’s thumb,144,159,get someone over a barrel and get someone under one’s thumb
get someone’s back up,144,159,get someone’s back up
get someone’s dander up,144,159,get someone’s dander up and get someone’s back up; get someone’s hackles up; get someone’s Irish up
get someone’s hackles up,144,159,get someone’s dander up and get someone’s back up; get someone’s hackles up; get someone’s Irish up
get someone’s Irish up,144,159,get someone’s dander up and get someone’s back up; get someone’s hackles up; get someone’s Irish up
get someone’s ear,144,159,get someone’s ear
get someone’s goat,144,159,get someone’s goat
get someone’s number,144,159,get someone’s number 1.
get something,144,159,get something and get it 1.
get something across (to someone),144,159,get something across (to someone)
get something into someone’s thick head,144,159,get something into someone’s thick head
get something off one’s chest,144,159,get something off one’s chest
get something off (the ground),144,159,get something off (the ground)
get something on someone,145,160,get something on someone
get something out in the open,145,160,get something out in the open
get something out of one’s system,145,160,get something out of one’s system 1.
get something out of something,145,160,get something out of something
get something over (with),145,160,get something over (with)
get something sewed up,145,160,get something sewed up and get something wrapped up
get something wrapped up,145,160,get something sewed up and get something wrapped up
get something straight,145,160,get something straight
get something through someone’s thick skull,145,160,get something through someone’s thick skull and get something into someone’s thick head
get something under one’s belt,145,160,get something under one’s belt 1.
get something under way,145,160,get something under way
get stars in one’s eyes,145,160,get stars in one’s eyes
get the advantage of someone,145,160,get the advantage of someone and get the advantage over someone; get the edge on someone; get the edge over someone
get the advantage over someone,145,160,get the advantage of someone and get the advantage over someone; get the edge on someone; get the edge over someone
get the edge on someone,145,160,get the advantage of someone and get the advantage over someone; get the edge on someone; get the edge over someone
get the edge over someone,145,160,get the advantage of someone and get the advantage over someone; get the edge on someone; get the edge over someone
get the air,146,161,get the air
get the ax,146,161,get the ax
get the ball rolling,146,161,get the ball rolling and set the ball rolling; start the ball rolling
set the ball rolling,146,161,get the ball rolling and set the ball rolling; start the ball rolling
start the ball rolling,146,161,get the ball rolling and set the ball rolling; start the ball rolling
get the benefit of the doubt,146,161,get the benefit of the doubt
get the best of someone,146,161,get the best of someone
get the better of someone,146,161,get the better of someone and get the best of someone
get the blues,146,161,get the blues
get the boot,146,161,get the boot
get the brush-off,146,161,get the brush-off
get the cold shoulder,146,161,get the cold shoulder
get the creeps,146,161,get the creeps and get the willies
get the willies,146,161,get the creeps and get the willies
get the day off,146,161,get the day off
get the devil,146,161,get the devil and catch hell; catch the devil; get hell
get the drift of something,146,161,get the drift of something
get the facts straight,147,162,get the facts straight
get the feel of something,147,162,get the feel of something and get a feel for something
get the final word,147,162,get the final word
get the floor,147,162,get the floor
get the gate,147,162,get the gate
get the glad hand,147,162,get the glad hand
get the go-ahead,147,162,get the go-ahead and get the green light
get the green light,147,162,get the go-ahead and get the green light
get the go-by,147,162,get the go-by
get the goods on someone,147,162,get the goods on someone
get the hang of something,147,162,get the hang of something
get the hard sell,147,162,get the hard sell
get the high sign,147,162,get the high sign
get the inside track,147,162,get the inside track
get the jump on someone,147,162,get the jump on someone
get the last laugh,148,163,get the last laugh
get the last word,148,163,get the last word and get the final word
get the lead out,148,163,get the lead out and shake the lead out
shake the lead out,148,163,get the lead out and shake the lead out
get the low-down (on someone or something),148,163,get the low-down (on someone or something)
get the message,148,163,get the message
get the nod,148,163,get the nod
get the (old) heave-ho,148,163,get the (old) heave-ho
get the once-over,148,163,get the once-over
get the picture,148,163,get the picture
get the red-carpet treatment,148,163,get the red-carpet treatment
get the runaround,148,163,get the runaround
get the sack,148,163,get the sack and get the ax
get the shock of one’s life,148,163,get the shock of one’s life
get the short end of the stick,149,164,get the short end of the stick and end up with the short end of the stick
get the show on the road,149,164,get the show on the road
get the slip,149,164,get the slip
get the third degree,149,164,get the third degree
get the upper hand (on someone),149,164,get the upper hand (on someone)
get the word,149,164,get the word and get the message
get the works,149,164,get the works
get the worst of something,149,164,get the worst of something
get through something,149,164,get through something 1.
get through (to someone),149,164,get through (to someone) 1.
get through with something,149,164,get through with something
get time off,149,164,get time off
get time off for good behavior,150,165,get time off for good behavior
get time to catch one’s breath,150,165,get time to catch one’s breath
get to first base (with someone or something),150,165,get to first base (with someone or something) and reach first base (with someone or something)
reach first base (with someone or something),150,165,get to first base (with someone or something) and reach first base (with someone or something)
get to one’s feet,150,165,get to one’s feet
get to someone,150,165,get to someone
get to the bottom of something,150,165,get to the bottom of something
get to the heart of the matter,150,165,get to the heart of the matter and get at the heart of the matter
get to the root of the problem,150,165,get to the root of the problem
get tough (with someone),150,165,get tough (with someone)
get two strikes against one,150,165,get two strikes against one
get under someone’s skin,150,165,get under someone’s skin
get under way,150,165,get under way
get-up-and-go,150,165,get-up-and-go
get up enough nerve (to do something),150,165,get up enough nerve (to do something)
get up on the wrong side of the bed,150,165,get up on the wrong side of the bed and get out of the wrong side of the bed
get used to someone or something,151,166,get used to someone or something
get well,151,166,get well
get wet,151,166,get wet
get what’s coming to one,151,166,get what’s coming to one
get wind of something,151,166,get wind of something
get wise (to someone or something),151,166,get wise (to someone or something)
get with something,151,166,get with something 1.
get worked up (about something),151,166,get worked up (about something)
get worked up (over something),151,166,get worked up (over something) and get worked up (about something)
gild the lily,151,166,gild the lily
gird (up) one’s loins,151,166,gird (up) one’s loins
give a blank check to someone,151,166,give a blank check to someone
give a good account of oneself,151,166,give a good account of oneself
give-and-take,151,166,give-and-take
give (an) ear to someone or something,151,166,give (an) ear to someone or something and give one’s ear to someone or something
give one’s ear to someone or something,151,166,give (an) ear to someone or something and give one’s ear to someone or something
give as good as one gets,151,166,give as good as one gets
give birth to someone or some creature,152,167,give birth to someone or some creature
give birth to something,152,167,give birth to something
give carte blanche to someone,152,167,give carte blanche to someone
give chase (to someone or something),152,167,give chase (to someone or something)
give credence to something,152,167,give credence to something
give credit where credit is due,152,167,give credit where credit is due
give free rein to someone,152,167,give free rein to someone and give someone free rein
give someone free rein,152,167,give free rein to someone and give someone free rein
give ground,152,167,give ground
give her the gun,152,167,give her the gun
give in (to someone or something),152,167,give in (to someone or something)
Give it a rest.,152,167,Give it a rest.
give it the gun,152,167,give it the gun and give her the gun
Give it time.,152,167,Give it time.
give it to someone (straight),152,167,give it to someone (straight)
Give it up.,152,167,Give it up.
give of oneself,152,167,give of oneself
"Give one an inch, and one will take a mile.",152,167,"Give one an inch, and one will take a mile."
give one a run for one’s money,152,167,give one a run for one’s money 1.
give one butterflies in one’s stomach,153,168,give one butterflies in one’s stomach
give one one’s freedom,153,168,give one one’s freedom
give one one’s walking papers,153,168,give one one’s walking papers
give one what’s coming to one,153,168,give one what’s coming to one
give out,153,168,give out
give out with something,153,168,give out with something
give rise to something,153,168,give rise to something
give someone a bang,153,168,give someone a bang and give someone a charge; give someone a kick
give someone a charge,153,168,give someone a bang and give someone a charge; give someone a kick
give someone a kick,153,168,give someone a bang and give someone a charge; give someone a kick
give someone a big send-off,153,168,give someone a big send-off
give someone a black eye,153,168,give someone a black eye 1.
give someone a blank check,153,168,give someone a blank check and give a blank check to someone
give someone a break,153,168,give someone a break
give someone a bright idea,153,168,give someone a bright idea
give someone a bum steer,153,168,give someone a bum steer
give someone a buzz,154,169,give someone a buzz
give someone a clean bill of health,154,169,give someone a clean bill of health
give someone a dirty look,154,169,give someone a dirty look
give someone a fair shake,154,169,give someone a fair shake
give someone a fix on something,154,169,give someone a fix on something
give someone a free hand (with something),154,169,give someone a free hand (with something)
give someone a (good) dressing-down,154,169,give someone a (good) dressing-down
give someone a hand (for something),154,169,give someone a hand (for something)
give someone a hand (with someone or something),154,169,give someone a hand (with someone or something)
give someone a hard time,154,169,give someone a hard time
give someone a head start (on someone or something),154,169,give someone a head start (on someone or something) 1.
give someone a licking,154,169,give someone a licking
give someone a line,154,169,give someone a line and feed someone a line
give someone an earful,154,169,give someone an earful 1.
give someone a pain,154,169,give someone a pain
give someone a pat on the back,154,169,give someone a pat on the back
give someone a piece of one’s mind,154,169,give someone a piece of one’s mind
give someone a rain check (on something),155,170,give someone a rain check (on something) 1.
give someone a raw deal,155,170,give someone a raw deal
give someone a reputation (as a something),155,170,give someone a reputation (as a something)
give someone a reputation (for doing something),155,170,give someone a reputation (for doing something)
give someone a ring,155,170,give someone a ring and give someone a buzz
give someone a rough idea (about something),155,170,give someone a rough idea (about something) and give someone a rough idea (of something)
give someone a rough idea (of something),155,170,give someone a rough idea (about something) and give someone a rough idea (of something)
give someone a shellacking,155,170,give someone a shellacking 1.
give someone a slap on the wrist,155,170,give someone a slap on the wrist and slap someone on the wrist; slap someone’s wrist
slap someone on the wrist,155,170,give someone a slap on the wrist and slap someone on the wrist; slap someone’s wrist
slap someone’s wrist,155,170,give someone a slap on the wrist and slap someone on the wrist; slap someone’s wrist
give someone a start,155,170,give someone a start 1.
give someone a swelled head,155,170,give someone a swelled head
give someone a tongue-lashing,155,170,give someone a tongue-lashing
give someone carte blanche,155,170,give someone carte blanche and give carte blanche to someone
give someone credit (for something),156,171,give someone credit (for something)
give someone goose bumps,156,171,give someone goose bumps and give someone goose pimples
give someone goose pimples,156,171,give someone goose bumps and give someone goose pimples
give someone gray hair(s),156,171,give someone gray hair(s)
give someone hell,156,171,give someone hell
give someone or something a wide berth,156,171,give someone or something a wide berth
give someone or something the (old) heaveho,156,171,give someone or something the (old) heaveho
give someone pause,156,171,give someone pause
give someone some skin,156,171,give someone some skin
give someone the air,156,171,give someone the air
give someone the ax,156,171,give someone the ax and give someone the sack
give someone the sack,156,171,give someone the ax and give someone the sack
give someone the benefit of the doubt,156,171,give someone the benefit of the doubt
give someone the boot,156,171,give someone the boot
give someone the brush-off,156,171,give someone the brush-off
give someone the bum’s rush,156,171,give someone the bum’s rush
give someone the business,157,172,give someone the business
give someone the cold shoulder,157,172,give someone the cold shoulder
give someone the creeps,157,172,give someone the creeps and give someone the willies
give someone the willies,157,172,give someone the creeps and give someone the willies
give someone the devil,157,172,give someone the devil and give someone hell
give someone the eye,157,172,give someone the eye
give someone the gate,157,172,give someone the gate
give someone the glad hand,157,172,give someone the glad hand
give someone the go-ahead,157,172,give someone the go-ahead and give someone the green light
give someone the green light,157,172,give someone the go-ahead and give someone the green light
give someone the go-by,157,172,give someone the go-by
give someone the hard sell,157,172,give someone the hard sell
give someone the high sign,157,172,give someone the high sign
give someone the low-down (on someone or something),157,172,give someone the low-down (on someone or something)
give someone the once-over,157,172,give someone the once-over
give someone the red-carpet treatment,157,172,give someone the red-carpet treatment
give someone the runaround,157,172,give someone the runaround
give someone the shirt off one’s back,158,173,give someone the shirt off one’s back
give someone the slip,158,173,give someone the slip
give someone the third degree,158,173,give someone the third degree
give someone the works,158,173,give someone the works
give someone tit for tat,158,173,give someone tit for tat
give someone to understand something,158,173,give someone to understand something
give someone what for,158,173,give someone what for
give something a lick and a promise,158,173,give something a lick and a promise
give something a shot,158,173,give something a shot and take a shot at something
take a shot at something,158,173,give something a shot and take a shot at something
give something a whirl,158,173,give something a whirl
give something one’s best shot,158,173,give something one’s best shot
give the bride away,158,173,give the bride away
give the devil her due,158,173,give the devil her due
give the devil his due,158,173,give the devil his due and give the devil her due
give the game away,158,173,give the game away
give up the ghost,158,173,give up the ghost
give vent to something,158,173,give vent to something
give voice to something,159,174,give voice to something
given to doing something,159,174,given to doing something
given to understand,159,174,given to understand
gloss something over,159,174,gloss something over
glutton for punishment,159,174,glutton for punishment
gnash one’s teeth,159,174,gnash one’s teeth
go about one’s business,159,174,go about one’s business
go against the grain,159,174,go against the grain
go all out,159,174,go all out
go all the way (with someone),159,174,go all the way (with someone) and go to bed (with someone)
go to bed (with someone),159,174,go all the way (with someone) and go to bed (with someone)
go along for the ride,159,174,go along for the ride
go a long way in doing something,159,174,go a long way in doing something
go a long way toward doing something,159,174,go a long way toward doing something and go a long way in doing something
go along (with someone or something),159,174,go along (with someone or something) 1.
go ape (over someone or something),159,174,go ape (over someone or something)
go (a)round in circles,159,174,go (a)round in circles 1.
go (a)round the bend,160,175,go (a)round the bend 1.
go around with someone,160,175,go around with someone
go astray,160,175,go astray
go at someone or something,160,175,go at someone or something
go away empty-handed,160,175,go away empty-handed
go AWOL,160,175,go AWOL
go back on one’s word,160,175,go back on one’s word
go bad,160,175,go bad
go bananas,160,175,go bananas
go begging,160,175,go begging
go broke,160,175,go broke
go by the board,160,175,go by the board
go by the book,160,175,go by the book
go chase oneself,160,175,go chase oneself
Go climb a tree!,160,175,Go climb a tree! and Go fly a kite!; Go fry an egg!; Go jump in the lake!; Take a hike!; Take a walk!
Go fly a kite!,160,175,Go climb a tree! and Go fly a kite!; Go fry an egg!; Go jump in the lake!; Take a hike!; Take a walk!
Go fry an egg!,160,175,Go climb a tree! and Go fly a kite!; Go fry an egg!; Go jump in the lake!; Take a hike!; Take a walk!
Go jump in the lake!,160,175,Go climb a tree! and Go fly a kite!; Go fry an egg!; Go jump in the lake!; Take a hike!; Take a walk!
Take a hike!,160,175,Go climb a tree! and Go fly a kite!; Go fry an egg!; Go jump in the lake!; Take a hike!; Take a walk!
Take a walk!,160,175,Go climb a tree! and Go fly a kite!; Go fry an egg!; Go jump in the lake!; Take a hike!; Take a walk!
go cold turkey,161,176,go cold turkey
go crazy,161,176,go crazy
go down fighting,161,176,go down fighting
go downhill,161,176,go downhill
go down in history,161,176,go down in history
go Dutch,161,176,go Dutch
go easy (on someone or something),161,176,go easy (on someone or something) 1.
go fifty-fifty (on something),161,176,go fifty-fifty (on something)
go for broke,161,176,go for broke
go for it,161,176,go for it
go for someone or something,161,176,go for someone or something 1.
go from bad to worse,161,176,go from bad to worse
go great guns,161,176,go great guns
go haywire,161,176,go haywire
go hog-wild,161,176,go hog-wild
go in a body,161,176,go in a body
go in for something,162,177,go in for something
go in one ear and out the other,162,177,go in one ear and out the other
go into action,162,177,go into action and swing into action
swing into action,162,177,go into action and swing into action
go into a nosedive,162,177,go into a nosedive and take a nosedive 1.
take a nosedive,162,177,go into a nosedive and take a nosedive 1.
go into a tailspin,162,177,go into a tailspin 1.
go into detail,162,177,go into detail
go into effect,162,177,go into effect and take effect
take effect,162,177,go into effect and take effect
go into hiding,162,177,go into hiding
go into hock,162,177,go into hock
go into one’s song and dance (about something),162,177,go into one’s song and dance (about something)
go into orbit,162,177,go into orbit
go into something,162,177,go into something
go it alone,162,177,go it alone
go like clockwork,162,177,go like clockwork
go off,163,178,go off
go off half-cocked,163,178,go off half-cocked
go off on a tangent,163,178,go off on a tangent
go off the deep end,163,178,go off the deep end and jump off the deep end
jump off the deep end,163,178,go off the deep end and jump off the deep end
go on,163,178,go on
go on a binge,163,178,go on a binge
go on a fishing expedition,163,178,go on a fishing expedition
go on and on,163,178,go on and on
go on an errand,163,178,go on an errand
go on a rampage,163,178,go on a rampage
go on to a better land,163,178,go on to a better land
go out (for something),163,178,go out (for something)
go out of fashion,163,178,go out of fashion and go out of style
go out of style,163,178,go out of fashion and go out of style
go out of one’s way (to do something),163,178,go out of one’s way (to do something) 1.
go (out) on strike,163,178,go (out) on strike
go out (with someone),164,179,go out (with someone) 1.
go over,164,179,go over
go over big with someone,164,179,go over big with someone
go overboard,164,179,go overboard
go over like a lead balloon,164,179,go over like a lead balloon
go over someone’s head,164,179,go over someone’s head
go over something,164,179,go over something
go over something with a fine-tooth comb,164,179,go over something with a fine-tooth comb and search something with a fine-tooth comb
search something with a fine-tooth comb,164,179,go over something with a fine-tooth comb and search something with a fine-tooth comb
go over with a bang,164,179,go over with a bang
go places,164,179,go places
Go play in the traffic!,164,179,Go play in the traffic!
go right through someone,164,179,go right through someone
go scot-free,164,179,go scot-free and get off scot-free
go sky-high,164,179,go sky-high
go so far as to say something,164,179,go so far as to say something
go someone one better,164,179,go someone one better and do someone one better
go (somewhere) by shank’s mare,164,179,go (somewhere) by shank’s mare
go stag,164,179,go stag
go steady (with someone),165,180,go steady (with someone)
go stir-crazy,165,180,go stir-crazy
go straight,165,180,go straight
go the distance,165,180,go the distance
go the extra mile,165,180,go the extra mile
go the limit,165,180,go the limit
go through,165,180,go through
go through channels,165,180,go through channels
go through something,165,180,go through something 1.
go through the changes,165,180,go through the changes
go through the motions,165,180,go through the motions
go through the roof,165,180,go through the roof
go through with something,165,180,go through with something
go to any length,165,180,go to any length
go to bat for someone,165,180,go to bat for someone
go to bed,165,180,go to bed
go to bed with the chickens,166,181,go to bed with the chickens
go to Davy Jones’s locker,166,181,go to Davy Jones’s locker
go together,166,181,go together 1.
go to (hell),166,181,go to (hell) and go to (the devil)
go to (the devil),166,181,go to (hell) and go to (the devil)
go to hell in a handbasket,166,181,go to hell in a handbasket
go too far,166,181,go too far
go to pieces,166,181,go to pieces 1.
go to pot,166,181,go to pot and go to the dogs
go to the dogs,166,181,go to pot and go to the dogs
go to rack and ruin,166,181,go to rack and ruin and go to wrack and ruin
go to wrack and ruin,166,181,go to rack and ruin and go to wrack and ruin
go to seed,166,181,go to seed
go to someone’s head,166,181,go to someone’s head
go to the bathroom,166,181,go to the bathroom 1.
go to the expense (of doing something),166,181,go to the expense (of doing something)
go to the lavatory,166,181,go to the lavatory
go to the limit,166,181,go to the limit
go to the toilet,166,181,go to the toilet
go to the trouble (of doing something),167,182,go to the trouble (of doing something) and go to the trouble (to do something)
go to the trouble (to do something),167,182,go to the trouble (of doing something) and go to the trouble (to do something)
go to the wall,167,182,go to the wall
go to town,167,182,go to town
go to waste,167,182,go to waste
go under,167,182,go under
go under the knife,167,182,go under the knife
go up in flames,167,182,go up in flames and go up in smoke
go up in smoke,167,182,go up in flames and go up in smoke
go whole hog,167,182,go whole hog
go window-shopping,167,182,go window-shopping
go without (something),167,182,go without (something)
go with something,167,182,go with something 1.
go with the flow,167,182,go with the flow
go wrong,167,182,go wrong
goes to show you,167,182,goes to show you
goes without saying,167,182,goes without saying
the going,167,182,the going
the going rate,167,182,the going rate
a gold mine of information,168,183,a gold mine of information
gone but not forgotten,168,183,gone but not forgotten
gone goose,168,183,gone goose
gone on,168,183,gone on
gone to meet one’s Maker,168,183,gone to meet one’s Maker
gone with the wind,168,183,gone with the wind
a goner,168,183,a goner
good and something,168,183,good and something
good as done,168,183,good as done
good as gold,168,183,good as gold
good enough for someone or something,168,183,good enough for someone or something
good-for-nothing,168,183,good-for-nothing 1.
good riddance (to bad rubbish),168,183,good riddance (to bad rubbish)
good to go,168,183,good to go
goof off,168,183,goof off
grab a bite (to eat),168,183,grab a bite (to eat)
grace someone or something with one’s presence,168,183,grace someone or something with one’s presence
graced with something,169,184,graced with something
graceful as a swan,169,184,graceful as a swan
a grain of truth,169,184,a grain of truth
grasp at straws,169,184,grasp at straws
grate on someone (‘s nerves),169,184,grate on someone (‘s nerves)
gray area,169,184,gray area
gray matter,169,184,gray matter
grease someone’s palm,169,184,grease someone’s palm and oil someone’s palm
oil someone’s palm,169,184,grease someone’s palm and oil someone’s palm
a great deal,169,184,a great deal
the greatest thing since sliced bread,169,184,the greatest thing since sliced bread
Greek to me,169,184,Greek to me
green around the gills,169,184,green around the gills
green with envy,169,184,green with envy
grin and bear it,169,184,grin and bear it
grind to a halt,169,184,grind to a halt
grip someone’s attention,169,184,grip someone’s attention
grist for someone’s mill,169,184,grist for someone’s mill
grit one’s teeth,169,184,grit one’s teeth
groan under the burden of something,169,184,groan under the burden of something
gross someone out,170,185,gross someone out
ground someone,170,185,ground someone
grounded in fact,170,185,grounded in fact
grounds for something,170,185,grounds for something
grow on someone,170,185,grow on someone
grow out of something,170,185,grow out of something
grow to do something,170,185,grow to do something
gruff as a bear,170,185,gruff as a bear
grunt work,170,185,grunt work
guard against someone or something,170,185,guard against someone or something
guest of honor,170,185,guest of honor
gulp for air,170,185,gulp for air
gum something up,170,185,gum something up and gum up the works
gum up the works,170,185,gum something up and gum up the works
gun for someone,170,185,gun for someone
gut feeling,170,185,gut feeling and gut reaction; gut response
gut reaction,170,185,gut feeling and gut reaction; gut response
gut response,170,185,gut feeling and gut reaction; gut response
gyp someone out of something,170,185,gyp someone out of something
hack something,171,186,hack something
had best do something,171,186,had best do something
had better do something,171,186,had better do something
had (just) as soon do something,171,186,had (just) as soon do something and would (just) as soon do something
would (just) as soon do something,171,186,had (just) as soon do something and would (just) as soon do something
(had) known it was coming,171,186,(had) known it was coming
had rather do something,171,186,had rather do something and had sooner do something
had sooner do something,171,186,had rather do something and had sooner do something
hail-fellow-well-met,171,186,hail-fellow-well-met
hail from somewhere,171,186,hail from somewhere
the hair of the dog that bit one,171,186,the hair of the dog that bit one
hale and hearty,171,186,hale and hearty
Half a loaf is better than none.,171,186,Half a loaf is better than none.
half-and-half,171,186,half-and-half 1.
halfhearted (about someone or something),172,187,halfhearted (about someone or something)
ham something up,172,187,ham something up
hammer away (at someone or something),172,187,hammer away (at someone or something)
hammer something home,172,187,hammer something home
hammer something out,172,187,hammer something out 1.
hand in glove (with someone),172,187,hand in glove (with someone)
hand in hand,172,187,hand in hand 1.
Hand it over.,172,187,Hand it over.
hand it to someone,172,187,hand it to someone
hand-me-down,172,187,hand-me-down
hand over fist,172,187,hand over fist
hand over hand,172,187,hand over hand
hand something down (to someone),172,187,hand something down (to someone) 1.
handle someone with kid gloves,172,187,handle someone with kid gloves
hands down,172,187,hands down
Hands off!,173,188,Hands off!
Hands up!,173,188,Hands up! and Stick ’em up!
Stick ’em up!,173,188,Hands up! and Stick ’em up!
hang a left,173,188,hang a left
hang a right,173,188,hang a right
hang around (with someone),173,188,hang around (with someone) and go around with someone
hang back,173,188,hang back
hang by a hair,173,188,hang by a hair and hang by a thread
hang by a thread,173,188,hang by a hair and hang by a thread
hang fire,173,188,hang fire
hang in the balance,173,188,hang in the balance
hang in there,173,188,hang in there
hang loose,173,188,hang loose
hang one’s hat (up) somewhere,173,188,hang one’s hat (up) somewhere
hang on someone’s coattails,173,188,hang on someone’s coattails
hang on someone’s every word,173,188,hang on someone’s every word
hang on (to someone or something),173,188,hang on (to someone or something) and hold on (to someone or something)
hold on (to someone or something),173,188,hang on (to someone or something) and hold on (to someone or something)
hang out (somewhere),173,188,hang out (somewhere)
hang out (with someone),173,188,hang out (with someone)
hang someone in effigy,173,188,hang someone in effigy
hang tough,174,189,hang tough
hang up,174,189,hang up
happen (up)on someone or something,174,189,happen (up)on someone or something
happy as a clam,174,189,happy as a clam
happy as a lark,174,189,happy as a lark
happy as can be,174,189,happy as can be
a harbinger of things to come,174,189,a harbinger of things to come and
hard-and-fast,174,189,hard-and-fast
hard as a rock,174,189,hard as a rock
hard as nails,174,189,hard as nails
hard as stone,174,189,hard as stone
a hard nut to crack,174,189,a hard nut to crack and
hard of hearing,174,189,hard of hearing
hard on someone’s heels,174,189,hard on someone’s heels
hard-pressed (to do something),174,189,hard-pressed (to do something)
hard put (to do something),174,189,hard put (to do something) and hardpressed (to do something)
hardpressed (to do something),174,189,hard put (to do something) and hardpressed (to do something)
hard up (for something),174,189,hard up (for something)
hardly have time to breathe,174,189,hardly have time to breathe and scarcely have time to breathe
scarcely have time to breathe,174,189,hardly have time to breathe and scarcely have time to breathe
hardly have time to think,174,189,hardly have time to think
hark(en) back to something,174,189,hark(en) back to something 1.
harp on something,175,190,harp on something
hash something over,175,190,hash something over
Haste makes waste.,175,190,Haste makes waste.
hat in hand,175,190,hat in hand
hate someone’s guts,175,190,hate someone’s guts
haul someone in,175,190,haul someone in
haul someone over the coals,175,190,haul someone over the coals
haul up (somewhere),175,190,haul up (somewhere) and pull up (somewhere)
pull up (somewhere),175,190,haul up (somewhere) and pull up (somewhere)
have a bad effect (on someone or something),175,190,have a bad effect (on someone or something)
have a ball,175,190,have a ball
have a bee in one’s bonnet,175,190,have a bee in one’s bonnet
have a big mouth,175,190,have a big mouth
have a blowout,175,190,have a blowout 1.
have a bone to pick (with someone),175,190,have a bone to pick (with someone)
have a brush with something,175,190,have a brush with something
have a case (against someone),175,190,have a case (against someone)
have a change of heart,175,190,have a change of heart
have a chip on one’s shoulder,176,191,have a chip on one’s shoulder
have a clean conscience (about someone or something),176,191,have a clean conscience (about someone or something)
have a clear conscience (about someone or something),176,191,have a clear conscience (about someone or something) and have a clean conscience (about someone or something)
have a close call,176,191,have a close call
have a close shave,176,191,have a close shave and have a close call
have a clue (about something),176,191,have a clue (about something)
have a conniption (fit),176,191,have a conniption (fit)
have a crack at something,176,191,have a crack at something
have a familiar ring,176,191,have a familiar ring
have a feeling about something,176,191,have a feeling about something
have a feeling (that),176,191,have a feeling (that) and have a feeling about something
have a field day,176,191,have a field day
have a finger in the pie,176,191,have a finger in the pie and have one’s finger in the pie
have one’s finger in the pie,176,191,have a finger in the pie and have one’s finger in the pie
have a fit,176,191,have a fit
have a foot in both camps,176,191,have a foot in both camps
have a frog in one’s throat,176,191,have a frog in one’s throat
have a glass jaw,176,191,have a glass jaw
have a go (at something),177,192,have a go (at something)
have a good command of something,177,192,have a good command of something
have a good head on one’s shoulders,177,192,have a good head on one’s shoulders
have a (good) mind to do something,177,192,have a (good) mind to do something
have a good thing going,177,192,have a good thing going
have a green thumb,177,192,have a green thumb
have a hand in something,177,192,have a hand in something
have a handle on something,177,192,have a handle on something and get a handle on something
have a hard time,177,192,have a hard time
have a head for something,177,192,have a head for something
have a heart,177,192,have a heart
have a heart of gold,177,192,have a heart of gold
have a heart of stone,177,192,have a heart of stone
have a heart-to-heart (talk),177,192,have a heart-to-heart (talk)
have a hold on someone,177,192,have a hold on someone
have a hunch about something,177,192,have a hunch about something
have a hunch (that) something will happen,177,192,have a hunch (that) something will happen and have a hunch about something
have a keen interest in something,177,192,have a keen interest in something
have a look for someone or something,178,193,have a look for someone or something
have a lot going (for one),178,193,have a lot going (for one)
have a lot of promise,178,193,have a lot of promise
have a lot on one’s mind,178,193,have a lot on one’s mind
have a low boiling point,178,193,have a low boiling point
have a mind like a steel trap,178,193,have a mind like a steel trap
have an accident,178,193,have an accident 1.
have an ace up one’s sleeve,178,193,have an ace up one’s sleeve
have an ax to grind (with someone),178,193,have an ax to grind (with someone)
have an ear for something,178,193,have an ear for something
have a near miss,178,193,have a near miss
have an eye for someone or something,178,193,have an eye for someone or something
have an eye on someone or something,178,193,have an eye on someone or something and keep an eye on someone or something
keep an eye on someone or something,178,193,have an eye on someone or something and keep an eye on someone or something
have an eye out (for someone or something),178,193,have an eye out (for someone or something) and keep an eye out (for someone or something)
keep an eye out (for someone or something),178,193,have an eye out (for someone or something) and keep an eye out (for someone or something)
have an in (with someone),178,193,have an in (with someone)
have an itch for something,179,194,have an itch for something
have an itching palm,179,194,have an itching palm
have an itch to do something,179,194,have an itch to do something
have an itchy palm,179,194,have an itchy palm and have an itching palm
have a nose for something,179,194,have a nose for something
have an out,179,194,have an out
have a one-track mind,179,194,have a one-track mind
have a passion for someone or something,179,194,have a passion for someone or something
have a peep,179,194,have a peep and take a peep
take a peep,179,194,have a peep and take a peep
have a penchant for doing something,179,194,have a penchant for doing something
have a pick-me-up,179,194,have a pick-me-up
have a price on one’s head,179,194,have a price on one’s head
have a right to do something,179,194,have a right to do something and have the right to do something
have the right to do something,179,194,have a right to do something and have the right to do something
have a rough time (of it),179,194,have a rough time (of it)
have arrived,179,194,have arrived
have a run-in with someone,179,194,have a run-in with someone
have a run of bad luck,179,194,have a run of bad luck
have a run of something,180,195,have a run of something
have a say (in something),180,195,have a say (in something)
have a score to settle (with someone),180,195,have a score to settle (with someone)
have a scrape (with someone or something),180,195,have a scrape (with someone or something)
have a screw loose,180,195,have a screw loose
have a shot at something,180,195,have a shot at something
have a smoke,180,195,have a smoke
have a snowball’s chance in hell,180,195,have a snowball’s chance in hell
have a soft spot in one’s heart for someone or something,180,195,have a soft spot in one’s heart for someone or something
have a spaz,180,195,have a spaz
have a stroke,180,195,have a stroke
have a sweet tooth,180,195,have a sweet tooth
have a taste for something,180,195,have a taste for something
have a thing going (with someone),180,195,have a thing going (with someone) and have something going (with someone)
have something going (with someone),180,195,have a thing going (with someone) and have something going (with someone)
have a try at something,180,195,have a try at something and have a shot at something; have a crack at something
have at someone or something,180,195,have at someone or something
have a vested interest in something,180,195,have a vested interest in something
have a voice (in something),181,196,have a voice (in something) and have a say (in something)
have a way with someone or something,181,196,have a way with someone or something
have a weakness for someone or something,181,196,have a weakness for someone or something
have a whale of a time,181,196,have a whale of a time
have a word with someone,181,196,have a word with someone
have bats in one’s belfry,181,196,have bats in one’s belfry
have bearing on something,181,196,have bearing on something
have been around,181,196,have been around
have been had,181,196,have been had
have been through the mill,181,196,have been through the mill
have been to hell and back,181,196,have been to hell and back
have bigger fish to fry,181,196,have bigger fish to fry
have broad shoulders,181,196,have broad shoulders
have clean hands,181,196,have clean hands
have come a long way,181,196,have come a long way
have contact with someone,181,196,have contact with someone
have designs on someone or something,182,197,have designs on someone or something
have dibs on something,182,197,have dibs on something
have egg on one’s face,182,197,have egg on one’s face
have eyes bigger than one’s stomach,182,197,have eyes bigger than one’s stomach
have eyes in the back of one’s head,182,197,have eyes in the back of one’s head
have feet of clay,182,197,have feet of clay
have foot-in-mouth disease,182,197,have foot-in-mouth disease
have growing pains,182,197,have growing pains 1.
have had enough,182,197,have had enough
have had its day,182,197,have had its day
have had it (up to here),182,197,have had it (up to here)
have half a mind to do something,182,197,have half a mind to do something
have half a notion to do something,182,197,have half a notion to do something and have half a mind to do something
have hell to pay,182,197,have hell to pay
Have I got something for you!,182,197,Have I got something for you!
Have I made myself clear?,183,198,Have I made myself clear?
have it all over someone or something,183,198,have it all over someone or something
have it both ways,183,198,have it both ways
have it in for someone,183,198,have it in for someone
have method in one’s madness,183,198,have method in one’s madness
have mixed feelings (about someone or something),183,198,have mixed feelings (about someone or something)
have money to burn,183,198,have money to burn
have more important fish to fry,183,198,have more important fish to fry
(have) never had it so good,183,198,(have) never had it so good
have no business doing something,183,198,have no business doing something
have none of something,183,198,have none of something
have no staying power,183,198,have no staying power
have nothing on someone or something,183,198,have nothing on someone or something 1.
have nothing to do with someone or something,183,198,have nothing to do with someone or something 1.
have one foot in the grave,183,198,have one foot in the grave
have one for the road,183,198,have one for the road
have one’s back to the wall,184,199,have one’s back to the wall
have one’s cake and eat it too,184,199,have one’s cake and eat it too and eat one’s cake and have it too
have one’s druthers,184,199,have one’s druthers
have one’s ear to the ground,184,199,have one’s ear to the ground and keep one’s ear to the ground
keep one’s ear to the ground,184,199,have one’s ear to the ground and keep one’s ear to the ground
have oneself something,184,199,have oneself something
have one’s finger in too may pies,184,199,have one’s finger in too may pies
have one’s hand in the till,184,199,have one’s hand in the till
have one’s hands full (with someone or something),184,199,have one’s hands full (with someone or something)
have one’s hands tied,184,199,have one’s hands tied
have one’s head in the clouds,184,199,have one’s head in the clouds
have one’s heart go out to someone,184,199,have one’s heart go out to someone
have one’s heart in the right place,184,199,have one’s heart in the right place
have one’s heart on one’s sleeve,184,199,have one’s heart on one’s sleeve
have one’s heart set against something,184,199,have one’s heart set against something
have one’s heart set on something,184,199,have one’s heart set on something
have one’s heart stand still,185,200,have one’s heart stand still
have one’s luck run out,185,200,have one’s luck run out
have one’s nose in a book,185,200,have one’s nose in a book
have one’s nose in the air,185,200,have one’s nose in the air
have one’s sights trained on something,185,200,have one’s sights trained on something
have one’s words stick in one’s throat,185,200,have one’s words stick in one’s throat
have one’s work cut out for one,185,200,have one’s work cut out for one
have other fish to fry,185,200,have other fish to fry and have bigger fish to fry; have more important fish to fry
have precedence over someone or something,185,200,have precedence over someone or something;and take precedence over someone or something
take precedence over someone or something,185,200,have precedence over someone or something;and take precedence over someone or something
have pull with someone,185,200,have pull with someone
have rocks in one’s head,185,200,have rocks in one’s head
have second thoughts about someone or something,185,200,have second thoughts about someone or something
have seen better days,185,200,have seen better days
have so,185,200,have so
have someone dead to rights,185,200,have someone dead to rights
have someone in one’s pocket,185,200,have someone in one’s pocket
have someone on the string,185,200,have someone on the string
have someone or something in one’s hands,185,200,have someone or something in one’s hands
have someone or something in tow,186,201,have someone or something in tow
have someone or something on one’s hands,186,201,have someone or something on one’s hands
have someone or something on one’s mind,186,201,have someone or something on one’s mind
have someone over,186,201,have someone over
have someone pegged as something,186,201,have someone pegged as something
have someone’s blood on one’s hands,186,201,have someone’s blood on one’s hands
have someone’s hide,186,201,have someone’s hide
have something against someone or something,186,201,have something against someone or something
have something at hand,186,201,have something at hand
have something at one’s fingertips,186,201,have something at one’s fingertips and have something at hand
have something coming (to one),186,201,have something coming (to one)
have something doing,186,201,have something doing and have something on
have something on,186,201,have something doing and have something on
have something down pat,186,201,have something down pat
have something going (for oneself),186,201,have something going (for oneself)
have something hanging over one’s head,186,201,have something hanging over one’s head
have something in common (with someone or something),187,202,have something in common (with someone or something)
have something in hand,187,202,have something in hand
have something in mind,187,202,have something in mind
have something in stock,187,202,have something in stock
have something in store (for someone),187,202,have something in store (for someone)
have something made,187,202,have something made 1.
have something on file,187,202,have something on file
have something on the ball,187,202,have something on the ball
have something on the brain,187,202,have something on the brain
have something on the tip of one’s tongue,187,202,have something on the tip of one’s tongue
have something out (with someone),187,202,have something out (with someone)
have something stick in one’s craw,187,202,have something stick in one’s craw
have something to do with something,187,202,have something to do with something and [not] have anything to do with something; have nothing to do with something
have nothing to do with something,187,202,have something to do with something and [not] have anything to do with something; have nothing to do with something
have something to spare,187,202,have something to spare
have something up one’s sleeve,187,202,have something up one’s sleeve
have sticky fingers,188,203,have sticky fingers
have the ball in one’s court,188,203,have the ball in one’s court
have the best of both worlds,188,203,have the best of both worlds
have the cards stacked against one,188,203,have the cards stacked against one and have the deck stacked against one
have the deck stacked against one,188,203,have the cards stacked against one and have the deck stacked against one
have the courage of one’s convictions,188,203,have the courage of one’s convictions
have the devil to pay,188,203,have the devil to pay and have hell to pay
have the feel of something,188,203,have the feel of something 1.
have the gall to do something,188,203,have the gall to do something
have the gift of gab,188,203,have the gift of gab
have the makings of something,188,203,have the makings of something
have the Midas touch,188,203,have the Midas touch
have them rolling in the aisles,188,203,have them rolling in the aisles
have the patience of a saint,188,203,have the patience of a saint
have the presence of mind to do something,188,203,have the presence of mind to do something
have the right-of-way,189,204,have the right-of-way
have the shoe on the other foot,189,204,have the shoe on the other foot
have the time of one’s life,189,204,have the time of one’s life
have the wherewithal (to do something),189,204,have the wherewithal (to do something)
have to do with someone or something,189,204,have to do with someone or something
have to live with something,189,204,have to live with something
have too,189,204,have too and have so
have too many irons in the fire,189,204,have too many irons in the fire
have turned the corner,189,204,have turned the corner
have two strikes against one,189,204,have two strikes against one
have what it takes,189,204,have what it takes
Have you been keeping busy?,189,204,Have you been keeping busy?
hazard a guess,189,204,hazard a guess
hazard an opinion,189,204,hazard an opinion
He laughs best who laughs last,189,204,He laughs best who laughs last
"He who laughs last, laughs longest.",189,204,"He who laughs last, laughs longest. and He laughs best who laughs last."
He laughs best who laughs last.,189,204,"He who laughs last, laughs longest. and He laughs best who laughs last."
He who pays the piper calls the tune.,190,205,He who pays the piper calls the tune.
a head,190,205,a head and per head
per head,190,205,a head and per head
head and shoulders above someone or something,190,205,head and shoulders above someone or something
head for someone or something,190,205,head for someone or something
head for the last roundup,190,205,head for the last roundup
head over heels in debt,190,205,head over heels in debt
head over heels in love (with someone),190,205,head over heels in love (with someone)
head someone or something off,190,205,head someone or something off
head something up,190,205,head something up
heads or tails,190,205,heads or tails
Heads up!,190,205,Heads up!
heads will roll,190,205,heads will roll
hear a peep out of someone,190,205,hear a peep out of someone
hear of something,190,205,hear of something
hear someone out,190,205,hear someone out
heart and soul,191,206,heart and soul
heavy going,191,206,heavy going
hedge one’s bets,191,206,hedge one’s bets
hell-bent for leather,191,206,hell-bent for leather
hell on earth,191,206,hell on earth
help do something,191,206,help do something
help oneself,191,206,help oneself
help (someone or something) out (with someone or something),191,206,help (someone or something) out (with someone or something)
hem and haw (around),191,206,hem and haw (around)
hem someone or something in,191,206,hem someone or something in
the here and now,191,206,the here and now
here and there,191,206,here and there
Here goes nothing.,192,207,Here goes nothing.
Here (it) goes.,192,207,Here (it) goes.
"here, there, and everywhere",192,207,"here, there, and everywhere"
Here you go.,192,207,Here you go. and There you go.
There you go.,192,207,Here you go. and There you go.
Here’s looking at you.,192,207,Here’s looking at you.
Here’s mud in your eye.,192,207,Here’s mud in your eye.
Here’s to someone or something.,192,207,Here’s to someone or something.
hide-and-seek,192,207,hide-and-seek
hide one’s face in shame,192,207,hide one’s face in shame
hide one’s light under a bushel,192,207,hide one’s light under a bushel
high and dry,192,207,high and dry 1.
high-and-mighty,192,207,high-and-mighty
high as a kite,192,207,high as a kite
high man on the totem pole,192,207,high man on the totem pole
high on something,192,207,high on something 1.
highflier,193,208,highflier
hightail it out of somewhere,193,208,hightail it out of somewhere
highways and byways,193,208,highways and byways
hinge on something,193,208,hinge on something
hit a happy medium,193,208,hit a happy medium
hit-and-miss,193,208,hit-and-miss and hit-or-miss
hit-or-miss,193,208,hit-and-miss and hit-or-miss
hit-and-run,193,208,hit-and-run
hit a plateau,193,208,hit a plateau
hit a snag,193,208,hit a snag
hit a sour note,193,208,hit a sour note
hit bottom,193,208,hit bottom
hit home,193,208,hit home and strike home
strike home,193,208,hit home and strike home
hit it off (with someone),193,208,hit it off (with someone)
hit one close to home,193,208,hit one close to home
hit one’s stride,193,208,hit one’s stride
hit one where one lives,193,208,hit one where one lives and hit one close to home
hit pay dirt,193,208,hit pay dirt
hit (someone) below the belt,193,208,hit (someone) below the belt
hit someone hard,193,208,hit someone hard
hit (someone) like a ton of bricks,194,209,hit (someone) like a ton of bricks
hit someone (right) between the eyes,194,209,hit someone (right) between the eyes
hit someone up (for something),194,209,hit someone up (for something)
hit the books,194,209,hit the books
hit the bottle,194,209,hit the bottle
hit the bricks,194,209,hit the bricks
hit the bull’s-eye,194,209,hit the bull’s-eye
hit the ceiling,194,209,hit the ceiling
hit the hay,194,209,hit the hay and hit the sack
hit the sack,194,209,hit the hay and hit the sack
hit the high spots,194,209,hit the high spots
hit the jackpot,194,209,hit the jackpot 1.
hit the nail (right) on the head,194,209,hit the nail (right) on the head
hit the road,194,209,hit the road
hit the skids,194,209,hit the skids
hit the spot,194,209,hit the spot
hit (up)on something,194,209,hit (up)on something
hitch a ride,194,209,hitch a ride
hither and thither here and there,194,209,hither and thither here and there
"hither, thither, and yon",195,210,"hither, thither, and yon"
a hive of activity,195,210,a hive of activity
hoarse as a crow,195,210,hoarse as a crow
Hobson’s choice,195,210,Hobson’s choice
hoist by one’s own petard,195,210,hoist by one’s own petard and hoist with one’s own petard
hoist with one’s own petard,195,210,hoist by one’s own petard and hoist with one’s own petard
hold all the aces,195,210,hold all the aces
hold a meeting,195,210,hold a meeting
hold forth (on something,195,210,hold forth (on something
hold no brief for someone or something,195,210,hold no brief for someone or something
hold one’s breath,195,210,hold one’s breath
hold one’s end (of the bargain) up,195,210,hold one’s end (of the bargain) up
hold one’s fire,195,210,hold one’s fire 1.
hold one’s ground,195,210,hold one’s ground
hold one’s head up,195,210,hold one’s head up
hold one’s own,196,211,hold one’s own
hold one’s peace,196,211,hold one’s peace
hold one’s temper,196,211,hold one’s temper
hold one’s tongue,196,211,hold one’s tongue
hold out for something,196,211,hold out for something
hold out the olive branch,196,211,hold out the olive branch
hold someone down,196,211,hold someone down
hold someone hostage,196,211,hold someone hostage
hold someone in high regard,196,211,hold someone in high regard
hold someone or something in check,196,211,hold someone or something in check
hold someone or something over,196,211,hold someone or something over
hold someone or something still,196,211,hold someone or something still
hold someone or something up,196,211,hold someone or something up 1.
hold someone or something up (as an example),196,211,hold someone or something up (as an example)
hold someone’s attention,196,211,hold someone’s attention
hold something against someone,196,211,hold something against someone
hold still,196,211,hold still
hold still for something,196,211,hold still for something
hold the fort,196,211,hold the fort
hold the line (at someone or something),197,212,hold the line (at someone or something)
hold true,197,212,hold true
hold up,197,212,hold up
hold up (for someone or something),197,212,hold up (for someone or something)
hold up on something,197,212,hold up on something
hold with something,197,212,hold with something
Hold your horses!,197,212,Hold your horses!
Hold your tongue!,197,212,Hold your tongue!
hole up (somewhere),197,212,hole up (somewhere)
holier-than-thou,197,212,holier-than-thou
home in (on someone or something),197,212,home in (on someone or something)
Honest to God.,197,212,Honest to God.
Honest to goodness.,197,212,Honest to goodness. and Honest to God.; Honest to Pete.
Honest to Pete.,197,212,Honest to goodness. and Honest to God.; Honest to Pete.
The honeymoon is over.,197,212,The honeymoon is over.
honor someone’s check,197,212,honor someone’s check
hooked (on something),197,212,hooked (on something) 1.
hoot and holler,198,213,hoot and holler
"a hop, skip, and a jump",198,213,"a hop, skip, and a jump"
Hop to it!,198,213,Hop to it!
hope against (all) hope,198,213,hope against (all) hope
hopeless at doing something,198,213,hopeless at doing something
hopped up,198,213,hopped up 1.
horn in (on someone or something),198,213,horn in (on someone or something) 1.
horse and buggy,198,213,horse and buggy and horse and carriage
horse and carriage,198,213,horse and buggy and horse and carriage
horse around,198,213,horse around
a horse of a different color,198,213,a horse of a different color
a horse of another color,198,213,a horse of another color and
horse sense,198,213,horse sense
hot and bothered,198,213,hot and bothered 1.
hot and heavy,198,213,hot and heavy
hot as fire,199,214,hot as fire
hot as hell,199,214,hot as hell
hot on something,199,214,hot on something
hot under the collar,199,214,hot under the collar
hotfoot it out of somewhere,199,214,hotfoot it out of somewhere
How goes it (with you)?,199,214,How goes it (with you)?
How’s it going?,199,214,How’s it going?
How’s the world (been) treating you?,199,214,How’s the world (been) treating you?
a hue and cry,199,214,a hue and cry
huff and puff,199,214,huff and puff
hung up (on someone or something),199,214,hung up (on someone or something)
hunger for something,199,214,hunger for something
hungry as a bear,199,214,hungry as a bear
hungry as a hunter,199,214,hungry as a hunter
hungry for something,199,214,hungry for something
hunt-and-peck,199,214,hunt-and-peck
hunt high and low (for someone or something),199,214,hunt high and low (for someone or something) and look high and low (for someone or something); search high and low (for someone or something)
look high and low (for someone or something),199,214,hunt high and low (for someone or something) and look high and low (for someone or something); search high and low (for someone or something)
search high and low (for someone or something),199,214,hunt high and low (for someone or something) and look high and low (for someone or something); search high and low (for someone or something)
hunt someone or something up,199,214,hunt someone or something up
hurl an insult (at someone),199,214,hurl an insult (at someone)
a hush fell over someone or something,199,214,a hush fell over someone or something
hush money,199,214,hush money
Hush your mouth!,200,215,Hush your mouth!
hustle and bustle,200,215,hustle and bustle
I didn’t catch your name.,201,216,I didn’t catch your name.
I just have this feeling,201,216,I just have this feeling
if looks could kill,201,216,if looks could kill
if not,201,216,if not
if push comes to shove,201,216,if push comes to shove
if so,201,216,if so
"If the shoe fits, wear it.",201,216,"If the shoe fits, wear it."
if worst comes to worst,201,216,if worst comes to worst
ill at ease,201,216,ill at ease
ill-disposed to doing something,201,216,ill-disposed to doing something
I’ll drink to that!,201,216,I’ll drink to that!
ill-gotten gains,201,216,ill-gotten gains
I’ll (try to) catch you later.,201,216,I’ll (try to) catch you later.
ill will,201,216,ill will
I’m awful at names.,201,216,I’m awful at names.
I’m damned if I do and damned if I don’t.,202,217,I’m damned if I do and damned if I don’t.
(I’m) sorry.,202,217,(I’m) sorry.
I’m terrible at names.,202,217,I’m terrible at names. and I’m awful at names.
Imagine that!,202,217,Imagine that!
immediate occupancy,202,217,immediate occupancy
implicate someone (in something),202,217,implicate someone (in something)
in a bad mood,202,217,in a bad mood
in a bad way,202,217,in a bad way
in abeyance,202,217,in abeyance
in a bind,202,217,in a bind and in a jam
in a jam,202,217,in a bind and in a jam
in accordance with something,202,217,in accordance with something
in a (constant) state of flux,202,217,in a (constant) state of flux
in a coon’s age,202,217,in a coon’s age and in a month of Sundays
in a month of Sundays,202,217,in a coon’s age and in a month of Sundays
in addition (to something),202,217,in addition (to something)
in a dead heat,202,217,in a dead heat
in advance,202,217,in advance
in a family way,202,217,in a family way and in the family way
in the family way,202,217,in a family way and in the family way
in a fix,202,217,in a fix
in a flash,203,218,in a flash
in a fog,203,218,in a fog
in a fool’s paradise,203,218,in a fool’s paradise
in agreement,203,218,in agreement
in a haze,203,218,in a haze
in a huff,203,218,in a huff
in a jiffy,203,218,in a jiffy
in a lather,203,218,in a lather
in a little bit,203,218,in a little bit
in (all) good conscience,203,218,in (all) good conscience
in all one’s born days,203,218,in all one’s born days
in all probability,203,218,in all probability
in a mad rush,203,218,in a mad rush
in and of itself,203,218,in and of itself
in a nutshell,203,218,in a nutshell
in any case,203,218,in any case and in any event
in any event,203,218,in any case and in any event
in a pinch,203,218,in a pinch
in apple-pie order,203,218,in apple-pie order
in a (pretty) pickle,204,219,in a (pretty) pickle and in a real pickle
in a real pickle,204,219,in a (pretty) pickle and in a real pickle
in a quandary,204,219,in a quandary
in arrears,204,219,in arrears
in a rut,204,219,in a rut
in a sense,204,219,in a sense
in a snit,204,219,in a snit
in a split second,204,219,in a split second
in a stage whisper,204,219,in a stage whisper
in a stew (about someone or something),204,219,in a stew (about someone or something)
in a stupor,204,219,in a stupor
in a (tight) spot,204,219,in a (tight) spot
in a tizzy,204,219,in a tizzy
in at the kill,204,219,in at the kill
in a vicious circle,204,219,in a vicious circle
in awe (of someone or something),204,219,in awe (of someone or something)
in a word,204,219,in a word
in a world of one’s own,204,219,in a world of one’s own
in bad faith,205,220,in bad faith
in bad sorts,205,220,in bad sorts
in bad taste,205,220,in bad taste and in poor taste
in poor taste,205,220,in bad taste and in poor taste
in bad (with someone),205,220,in bad (with someone)
in behalf of someone,205,220,in behalf of someone and in someone’s behalf; on behalf of someone; on someone’s behalf; in someone’s name
in someone’s behalf,205,220,in behalf of someone and in someone’s behalf; on behalf of someone; on someone’s behalf; in someone’s name
on behalf of someone,205,220,in behalf of someone and in someone’s behalf; on behalf of someone; on someone’s behalf; in someone’s name
on someone’s behalf,205,220,in behalf of someone and in someone’s behalf; on behalf of someone; on someone’s behalf; in someone’s name
in someone’s name,205,220,in behalf of someone and in someone’s behalf; on behalf of someone; on someone’s behalf; in someone’s name
in between,205,220,in between
in black and white,205,220,in black and white
in bloom,205,220,in bloom
in blossom,205,220,in blossom
in brief,205,220,in brief
in broad daylight,205,220,in broad daylight
in bulk,205,220,in bulk
in cahoots (with someone),205,220,in cahoots (with someone)
in care of someone,205,220,in care of someone
in case,205,220,in case
in case of something,205,220,in case of something
in case something happens,205,220,in case something happens
in character,206,221,in character
in clover,206,221,in clover
in cold blood,206,221,in cold blood
in cold storage,206,221,in cold storage
in concert (with someone),206,221,in concert (with someone)
in condition,206,221,in condition and in shape
in shape,206,221,in condition and in shape
in consequence (of something),206,221,in consequence (of something)
in consideration of something,206,221,in consideration of something
in contempt (of court),206,221,in contempt (of court)
in creation,206,221,in creation
in custody of someone or something,206,221,in custody of someone or something and in someone’s or something’s custody
in someone’s or something’s custody,206,221,in custody of someone or something and in someone’s or something’s custody
in debt,206,221,in debt
in deep,206,221,in deep 1.
in deep water,206,221,in deep water
in defiance (of someone or something),206,221,in defiance (of someone or something)
in denial,207,222,in denial
in detail,207,222,in detail
in disguise,207,222,in disguise
in drag,207,222,in drag
in due course,207,222,in due course and in due time; in good time; in the course of time; in time
in due time,207,222,in due course and in due time; in good time; in the course of time; in time
in good time,207,222,in due course and in due time; in good time; in the course of time; in time
in the course of time,207,222,in due course and in due time; in good time; in the course of time; in time
in time,207,222,in due course and in due time; in good time; in the course of time; in time
in Dutch (with someone),207,222,in Dutch (with someone)
in earnest,207,222,in earnest
in effect,207,222,in effect 1.
in essence,207,222,in essence
in exchange (for someone or something),207,222,in exchange (for someone or something)
in existence,207,222,in existence
in fact,207,222,in fact
in fashion,207,222,in fashion
in favor of someone,207,222,in favor of someone
in favor (of someone or something),207,222,in favor (of someone or something)
in fear and trembling,207,222,in fear and trembling
in fine feather,207,222,in fine feather
in flight,207,222,in flight
in flux,207,222,in flux and in a (constant) state of flux
in force,208,223,in force
in for something,208,223,in for something
in full swing,208,223,in full swing
in general,208,223,in general
in good condition,208,223,in good condition
in good faith,208,223,in good faith
in good hands,208,223,in good hands
in good repair,208,223,in good repair
in good shape,208,223,in good shape and in good condition
in good spirits,208,223,in good spirits
in good (with someone),208,223,in good (with someone)
in great demand,208,223,in great demand
in great haste,208,223,in great haste
in hand,208,223,in hand
in heat,208,223,in heat
in heaven,209,224,in heaven 1.
in high dudgeon,209,224,in high dudgeon
in high gear,209,224,in high gear
in hindsight,209,224,in hindsight
in hock,209,224,in hock
in honor of someone or something,209,224,in honor of someone or something
in hopes of something,209,224,in hopes of something
in horror,209,224,in horror
in hot water,209,224,in hot water
in ink,209,224,in ink
in its entirety,209,224,in its entirety and in their entirety
in their entirety,209,224,in its entirety and in their entirety
in its prime,209,224,in its prime
in jeopardy,209,224,in jeopardy
in (just) a minute,209,224,in (just) a minute
in (just) a second,209,224,in (just) a second and in (just) a minute
in keeping (with something),209,224,in keeping (with something) and in line with something
in line with something,209,224,in keeping (with something) and in line with something
in kind,209,224,in kind 1.
in labor,209,224,in labor
in league (with someone),209,224,in league (with someone)
in less than no time,210,225,in less than no time
in lieu of something,210,225,in lieu of something
in light of something,210,225,in light of something
in limbo,210,225,in limbo 1.
in line,210,225,in line and on line
on line,210,225,in line and on line
in love (with someone or something),210,225,in love (with someone or something)
in luck,210,225,in luck
in many respects,210,225,in many respects
in memory of someone,210,225,in memory of someone
in midair,210,225,in midair
in mint condition,210,225,in mint condition
in name only,210,225,in name only
in need,210,225,in need
in need of something,210,225,in need of something
in neutral,210,225,in neutral
in no mood to do something,211,226,in no mood to do something
in nothing flat,211,226,in nothing flat
in no time (at all),211,226,in no time (at all)
in no uncertain terms,211,226,in no uncertain terms
in one breath,211,226,in one breath
in one ear and out (of) the other,211,226,in one ear and out (of) the other
in one’s birthday suit,211,226,in one’s birthday suit
in one’s blood,211,226,in one’s blood
in one’s book,211,226,in one’s book
in one’s cups,211,226,in one’s cups
in one’s element,211,226,in one’s element
in one’s glory,211,226,in one’s glory
in one’s mind’s eye,211,226,in one’s mind’s eye
in one’s opinion,211,226,in one’s opinion
in one’s (own) backyard,211,226,in one’s (own) backyard
in one’s (own) (best) interest(s),211,226,in one’s (own) (best) interest(s)
in one’s prime,211,226,in one’s prime and in its prime
in one’s right mind,212,227,in one’s right mind
in one’s salad days,212,227,in one’s salad days
in one’s second childhood,212,227,in one’s second childhood
in one’s spare time,212,227,in one’s spare time
in one’s Sunday best,212,227,in one’s Sunday best
in on the kill,212,227,in on the kill and in at the kill
in orbit,212,227,in orbit 1.
in order to do something,212,227,in order to do something
in other words,212,227,in other words
in over one’s head,212,227,in over one’s head
in park,212,227,in park
in part,212,227,in part
in particular,212,227,in particular
in passing,212,227,in passing
in pencil,212,227,in pencil
in perpetuity,212,227,in perpetuity
in person,213,228,in person
in place,213,228,in place 1.
in place of someone or something,213,228,in place of someone or something
in plain English,213,228,in plain English
in plain language,213,228,in plain language and in plain English
in practice,213,228,in practice 1.
in print,213,228,in print
in private,213,228,in private
in progress,213,228,in progress
in proportion,213,228,in proportion and out of proportion
out of proportion,213,228,in proportion and out of proportion
in public,213,228,in public
in pursuit of something,213,228,in pursuit of something
in quest of someone or something,213,228,in quest of someone or something and in search of someone or something
in search of someone or something,213,228,in quest of someone or something and in search of someone or something
in rags,213,228,in rags
in reality,213,228,in reality
in receipt of something,213,228,in receipt of something
in recent memory,213,228,in recent memory
in rehearsal,214,229,in rehearsal
in remission,214,229,in remission
in retrospect,214,229,in retrospect and in hindsight
in return for (someone or something),214,229,in return for (someone or something)
in round figures,214,229,in round figures
in round numbers,214,229,in round numbers and in round figures
in ruin,214,229,in ruin
in season,214,229,in season 1.
in secret,214,229,in secret
in session,214,229,in session
in seventh heaven,214,229,in seventh heaven
in shambles,214,229,in shambles
in short,214,229,in short
in short order,214,229,in short order
in short supply,214,229,in short supply
in sight,214,229,in sight
(in) single file,214,229,(in) single file
in so many words,215,230,in so many words
in some neck of the woods,215,230,in some neck of the woods
in someone else’s place,215,230,in someone else’s place
in someone else’s shoes,215,230,in someone else’s shoes and in someone else’s place
in someone’s favor,215,230,in someone’s favor 1.
in someone’s prayers,215,230,in someone’s prayers
in some respects,215,230,in some respects and in many respects
in spite of someone or something,215,230,in spite of someone or something
in step (with someone or something),215,230,in step (with someone or something) 1.
in stock,215,230,in stock
in storage,215,230,in storage
in style,215,230,in style 1.
in surgery,216,231,in surgery
in tandem,216,231,in tandem
in tatters,216,231,in tatters
in terms of something,216,231,in terms of something
in the absence of someone or something,216,231,in the absence of someone or something
in the act (of doing something),216,231,in the act (of doing something)
in the affirmative,216,231,in the affirmative
in the air,216,231,in the air
in the altogether,216,231,in the altogether and in the buff; in the raw
in the buff,216,231,in the altogether and in the buff; in the raw
in the raw,216,231,in the altogether and in the buff; in the raw
in the balance,216,231,in the balance
in the bargain,216,231,in the bargain
in the best of health,216,231,in the best of health
in the black,216,231,in the black
in the blood,216,231,in the blood and in one’s blood
in the bullpen,216,231,in the bullpen
in the cards,216,231,in the cards
in the care of someone,216,231,in the care of someone and in the charge of someone
in the charge of someone,216,231,in the care of someone and in the charge of someone
in the case of someone or something,217,232,in the case of someone or something 1.
in the chips,217,232,in the chips
in the clear,217,232,in the clear 1.
in the context of something,217,232,in the context of something
in the dark (about someone or something),217,232,in the dark (about someone or something)
in the doghouse,217,232,in the doghouse
in the doldrums,217,232,in the doldrums
in the driver’s seat,217,232,in the driver’s seat
in the event of something,217,232,in the event of something
in the family,217,232,in the family
in the final analysis,217,232,in the final analysis and in the last analysis
in the last analysis,217,232,in the final analysis and in the last analysis
in the first instance,217,232,in the first instance
in the first place,217,232,in the first place and in the first instance
in the flesh,217,232,in the flesh
in the gutter,218,233,in the gutter
in the hole,218,233,in the hole
in the hot seat,218,233,in the hot seat
in the interest of someone or something,218,233,in the interest of someone or something
in the interim (between things),218,233,in the interim (between things)
in the know,218,233,in the know
in the lap of luxury,218,233,in the lap of luxury
in the laundry,218,233,in the laundry
in the limelight,218,233,in the limelight and in the spotlight
in the spotlight,218,233,in the limelight and in the spotlight
in the line of duty,218,233,in the line of duty
in the long run,218,233,in the long run
in the mainstream (of something),218,233,in the mainstream (of something)
in the market (for something),218,233,in the market (for something)
in the meantime,218,233,in the meantime
in the middle of nowhere,218,233,in the middle of nowhere
in the money,219,234,in the money 1.
in the mood for something,219,234,in the mood for something and in the mood to do something
in the mood to do something,219,234,in the mood for something and in the mood to do something
in the near future,219,234,in the near future
in the neighborhood of something,219,234,in the neighborhood of something
in the nick of time,219,234,in the nick of time
in the nude,219,234,in the nude
in the offing,219,234,in the offing
in the open,219,234,in the open
in theory,219,234,in theory
in the pink (of condition),219,234,in the pink (of condition)
in the prime of life,219,234,in the prime of life
in the public eye,219,234,in the public eye
in the rear,219,234,in the rear
in the red,219,234,in the red
in there pitching,219,234,in there pitching
in the right,219,234,in the right
in the right place at the right time,220,235,in the right place at the right time
in the running,220,235,in the running
in the same boat (as someone),220,235,in the same boat (as someone)
in the same breath,220,235,in the same breath
in the second place,220,235,in the second place
in the short run,220,235,in the short run
in the soup,220,235,in the soup
in the swim of things,220,235,in the swim of things
in the trust of someone,220,235,in the trust of someone
in the twinkling of an eye,220,235,in the twinkling of an eye
in the unlikely event of something,220,235,in the unlikely event of something and in the unlikely event that something happens
in the unlikely event that something happens,220,235,in the unlikely event of something and in the unlikely event that something happens
in the (very) nick of time,220,235,in the (very) nick of time
in the wake of something,220,235,in the wake of something
in the way of something,220,235,in the way of something
in the wind,221,236,in the wind
in the works,221,236,in the works
in the world,221,236,in the world
in the worst way,221,236,in the worst way
in the wrong,221,236,in the wrong
in the wrong place at the wrong time,221,236,in the wrong place at the wrong time
the in thing (to do),221,236,the in thing (to do)
in this day and age,221,236,in this day and age
in times past,221,236,in times past
in top form,221,236,in top form 1.
in tow,221,236,in tow
in transit,221,236,in transit
in triplicate,221,236,in triplicate
in trouble,221,236,in trouble 1.
in tune,221,236,in tune
in tune with someone or something,221,236,in tune with someone or something 1.
in turn,222,237,in turn
in two shakes of a lamb’s tail,222,237,in two shakes of a lamb’s tail
in unison,222,237,in unison 1.
in view of something,222,237,in view of something
in with someone,222,237,in with someone
inch along (something),222,237,inch along (something)
inch by inch,222,237,inch by inch
inclined to do something,222,237,inclined to do something
incumbent upon someone to do something,222,237,incumbent upon someone to do something
innocent as a lamb,222,237,innocent as a lamb
ins and outs of something,222,237,ins and outs of something
inside the box,222,237,inside the box 1.
instrumental in doing something,222,237,instrumental in doing something
intent on doing something,222,237,intent on doing something
in(to) a jam,222,237,in(to) a jam
into being,222,237,into being
in(to) someone’s clutches,222,237,in(to) someone’s clutches
invasion of (someone’s) privacy,222,237,invasion of (someone’s) privacy
invest someone’s time in something,223,238,invest someone’s time in something
invest someone with something,223,238,invest someone with something
invest something in someone or something,223,238,invest something in someone or something 1.
iron something out,223,238,iron something out
issue a call for something,223,238,issue a call for something
It behooves one to do something.,223,238,It behooves one to do something.
It never rains but it pours.,223,238,It never rains but it pours.
It (only) stands to reason.,223,238,It (only) stands to reason.
It sucks.,223,238,It sucks.
It takes (some) getting used to.,223,238,It takes (some) getting used to.
It’ll never fly.,223,238,It’ll never fly.
It’s about time!,223,238,It’s about time!
It’s (all) Greek to me.,223,238,It’s (all) Greek to me.
It’s high time!,223,238,It’s high time!
It’s not over till it’s over.,223,238,It’s not over till it’s over.
It’s no use (doing something).,223,238,It’s no use (doing something).
a jack-of-all-trades,224,239,a jack-of-all-trades
jack someone up,224,239,jack someone up
jack something up,224,239,jack something up 1.
jazz something up,224,239,jazz something up
Jekyll and Hyde,224,239,Jekyll and Hyde
The jig is up.,224,239,The jig is up.
jockey for position,224,239,jockey for position
jog someone’s memory,224,239,jog someone’s memory
Johnny-come-lately,224,239,Johnny-come-lately
Johnny-on-the-spot,224,239,Johnny-on-the-spot
join forces (with someone),224,239,join forces (with someone)
join hands,224,239,join hands
Join the club!,224,239,Join the club!
join the fray,225,240,join the fray and jump into the fray; enter the fray
jump into the fray,225,240,join the fray and jump into the fray; enter the fray
joking aside,225,240,joking aside
jolt to a start,225,240,jolt to a start and jolt to a stop
jolt to a stop,225,240,jolt to a start and jolt to a stop
judge one on one’s own merit(s),225,240,judge one on one’s own merit(s)
judge something on its own merit(s),225,240,judge something on its own merit(s)
judging by something,225,240,judging by something
juice and cookies,225,240,juice and cookies
jump all over someone,225,240,jump all over someone and jump down someone’s throat; jump on someone
jump down someone’s throat,225,240,jump all over someone and jump down someone’s throat; jump on someone
jump on someone,225,240,jump all over someone and jump down someone’s throat; jump on someone
jump at something,225,240,jump at something
jump at the chance,225,240,jump at the chance and jump at the opportunity; leap at the opportunity
jump at the opportunity,225,240,jump at the chance and jump at the opportunity; leap at the opportunity
leap at the opportunity,225,240,jump at the chance and jump at the opportunity; leap at the opportunity
jump bail,225,240,jump bail and skip bail
skip bail,225,240,jump bail and skip bail
jump out of one’s skin,225,240,jump out of one’s skin
jump the gun,225,240,jump the gun
jump the track,225,240,jump the track 1.
jump through a hoop,226,241,jump through a hoop and jump through hoops
jump through hoops,226,241,jump through a hoop and jump through hoops
jump to conclusions,226,241,jump to conclusions and leap to conclusions
leap to conclusions,226,241,jump to conclusions and leap to conclusions
jumping-off place,226,241,jumping-off place
jumping-off point,226,241,jumping-off point and jumping-off place
The jury is still out (on someone or something).,226,241,The jury is still out (on someone or something).
(just) as I expected,226,241,(just) as I expected
(just) a stone’s throw away (from something),226,241,(just) a stone’s throw away (from something)
just in case (something happens),226,241,just in case (something happens)
just one of those things,226,241,just one of those things
just so,226,241,just so 1.
just what the doctor ordered,226,241,just what the doctor ordered
keel over,227,242,keel over
keen about someone or something,227,242,keen about someone or something
keen on doing something,227,242,keen on doing something
keen on someone or something,227,242,keen on someone or something and keen about someone or something
keep abreast (of something),227,242,keep abreast (of something)
keep a civil tongue (in one’s head),227,242,keep a civil tongue (in one’s head)
keep a close rein on someone or something,227,242,keep a close rein on someone or something
keep after someone,227,242,keep after someone and keep at someone;keep on someone; stay after someone
keep at someone,227,242,keep after someone and keep at someone;keep on someone; stay after someone
keep on someone,227,242,keep after someone and keep at someone;keep on someone; stay after someone
stay after someone,227,242,keep after someone and keep at someone;keep on someone; stay after someone
keep a secret,227,242,keep a secret
keep a stiff upper lip,227,242,keep a stiff upper lip
keep a straight face,227,242,keep a straight face
keep a tight rein on someone or something,227,242,keep a tight rein on someone or something and keep a close rein on someone or something
Keep at it!,228,243,Keep at it!
keep at someone or something,228,243,keep at someone or something 1.
keep body and soul together,228,243,keep body and soul together
keep (close) watch (on someone or something),228,243,keep (close) watch (on someone or something)
keep (close) watch (over someone or something),228,243,keep (close) watch (over someone or something)
keep company (with someone),228,243,keep company (with someone)
keep cool,228,243,keep cool
keep from doing something,228,243,keep from doing something
keep good time,228,243,keep good time
keep harping on something,228,243,keep harping on something
keep house,228,243,keep house
keep in touch (with someone),228,243,keep in touch (with someone) and stay in touch (with someone)
stay in touch (with someone),228,243,keep in touch (with someone) and stay in touch (with someone)
keep late hours,228,243,keep late hours
keep off (something),228,243,keep off (something)
keep on an even keel,228,243,keep on an even keel
keep one’s cards close to one’s chest,228,243,keep one’s cards close to one’s chest
keep one’s cards close to one’s vest,228,243,keep one’s cards close to one’s vest
keep one’s chin up,228,243,keep one’s chin up
keep one’s cool,228,243,keep one’s cool
keep one’s distance (from someone or something),229,244,keep one’s distance (from someone or something)
keep one’s eye on the ball,229,244,keep one’s eye on the ball 1.
keep one’s eyes open (for someone or something),229,244,keep one’s eyes open (for someone or something) and keep one’s eyes peeled (for someone or something)
keep one’s eyes peeled (for someone or something),229,244,keep one’s eyes open (for someone or something) and keep one’s eyes peeled (for someone or something)
keep one’s feet on the ground,229,244,keep one’s feet on the ground
keep one’s fingers crossed (for someone or something),229,244,keep one’s fingers crossed (for someone or something) and cross one’s fingers
keep one’s hand in (something),229,244,keep one’s hand in (something)
keep one’s hands off (someone or something),229,244,keep one’s hands off (someone or something)
keep one’s head,229,244,keep one’s head
keep one’s head above water,229,244,keep one’s head above water
keep one’s mouth shut (about someone or something),229,244,keep one’s mouth shut (about someone or something)
keep one’s nose clean,229,244,keep one’s nose clean
keep one’s nose out of someone’s business,229,244,keep one’s nose out of someone’s business
keep one’s nose to the grindstone,230,245,keep one’s nose to the grindstone
keep one’s opinions to oneself,230,245,keep one’s opinions to oneself
keep one’s own counsel,230,245,keep one’s own counsel
keep one’s place,230,245,keep one’s place
keep one’s temper,230,245,keep one’s temper and hold one’s temper
keep one’s weather eye open,230,245,keep one’s weather eye open
keep one’s wits about one,230,245,keep one’s wits about one
keep one’s word,230,245,keep one’s word
keep on one’s toes,230,245,keep on one’s toes
keep pace (with someone or something),230,245,keep pace (with someone or something)
keep quiet (about someone or something),230,245,keep quiet (about someone or something) and keep still (about someone or something)
keep still (about someone or something),230,245,keep quiet (about someone or something) and keep still (about someone or something)
keep someone company,230,245,keep someone company
keep someone from doing something,230,245,keep someone from doing something
keep someone in line,230,245,keep someone in line
keep someone in stitches,230,245,keep someone in stitches
keep someone on tenterhooks,230,245,keep someone on tenterhooks
keep someone or something hanging in midair,231,246,keep someone or something hanging in midair
keep someone or something in check,231,246,keep someone or something in check and hold someone or something in check
keep someone or something in mind,231,246,keep someone or something in mind and bear someone or something in mind
keep someone or something quiet,231,246,keep someone or something quiet
keep someone or something still,231,246,keep someone or something still 1. and keep someone or something quiet
keep someone or something up,231,246,keep someone or something up 1.
keep someone out in the cold,231,246,keep someone out in the cold
keep someone posted,231,246,keep someone posted
keep something down,231,246,keep something down
keep something on an even keel,231,246,keep something on an even keel
keep something quiet,231,246,keep something quiet
keep something to oneself,231,246,keep something to oneself
keep something under one’s hat,231,246,keep something under one’s hat
keep something under wraps,231,246,keep something under wraps
keep still,231,246,keep still 1. and hold still
keep tab(s) (on someone or something),232,247,keep tab(s) (on someone or something) and keep track (of someone or something)
keep track (of someone or something),232,247,keep tab(s) (on someone or something) and keep track (of someone or something)
keep the ball rolling,232,247,keep the ball rolling
keep the home fires burning,232,247,keep the home fires burning
keep the lid on something,232,247,keep the lid on something
keep the wolf from the door,232,247,keep the wolf from the door
keep time,232,247,keep time 1.
keep to oneself,232,247,keep to oneself
keep up an act,232,247,keep up an act and keep up one’s act
keep up one’s act,232,247,keep up an act and keep up one’s act
keep up appearances,232,247,keep up appearances
keep up (with someone or something),232,247,keep up (with someone or something)
keep up (with the Joneses),232,247,keep up (with the Joneses)
keep up (with the times),232,247,keep up (with the times)
Keep your shirt on!,233,248,Keep your shirt on!
keyed up,233,248,keyed up
kick a habit,233,248,kick a habit and kick the habit
kick the habit,233,248,kick a habit and kick the habit
kick off,233,248,kick off 1.
kick oneself (for doing something),233,248,kick oneself (for doing something)
kick over,233,248,kick over
kick someone or something around,233,248,kick someone or something around 1.
kick someone out,233,248,kick someone out and boot someone out
kick something in,233,248,kick something in
kick something off,233,248,kick something off
kick the bucket,233,248,kick the bucket
kick up,233,248,kick up
kick up a fuss,233,248,kick up a fuss and kick up a row; kick up a storm
kick up a row,233,248,kick up a fuss and kick up a row; kick up a storm
kick up a storm,233,248,kick up a fuss and kick up a row; kick up a storm
kick up one’s heels,233,248,kick up one’s heels
kid around (with someone),233,248,kid around (with someone)
kidding aside,233,248,kidding aside
kid(‘s) stuff,233,248,kid(‘s) stuff
kill the fatted calf,233,248,kill the fatted calf
kill time,234,249,kill time
kill two birds with one stone,234,249,kill two birds with one stone
killed outright,234,249,killed outright
a kind of (a) something,234,249,a kind of (a) something
kind of something,234,249,kind of something
a kink in my neck,234,249,a kink in my neck
kiss and make up,234,249,kiss and make up
kiss and tell,234,249,kiss and tell
the kiss of death,234,249,the kiss of death
kiss something good-bye,234,249,kiss something good-bye
kit and caboodle,234,249,kit and caboodle
kith and kin,234,249,kith and kin
knee-high to a grasshopper,234,249,knee-high to a grasshopper
knew it was coming,234,249,knew it was coming and (had) known it was coming
knit one’s brow,234,249,knit one’s brow
knock about (somewhere),234,249,knock about (somewhere)
knock-down-drag-out fight,234,249,knock-down-drag-out fight
knock it off,235,250,knock it off
knock off work,235,250,knock off work
knock one off one’s feet,235,250,knock one off one’s feet
knock oneself out (to do something),235,250,knock oneself out (to do something)
knock on wood,235,250,knock on wood
knock some heads together,235,250,knock some heads together
knock someone dead,235,250,knock someone dead
knock someone for a loop,235,250,knock someone for a loop
knock someone or something about,235,250,knock someone or something about
knock someone or something around,235,250,knock someone or something around and knock someone or something about
knock someone out (cold),235,250,knock someone out (cold) 1.
knock someone over with a feather,235,250,knock someone over with a feather
knock someone’s block off,235,250,knock someone’s block off
knock something back,235,250,knock something back
knock something down,235,250,knock something down and knock something back
knock something off,235,250,knock something off
knock the props out from under someone,235,250,knock the props out from under someone
know (all) the tricks of the trade,236,251,know (all) the tricks of the trade
know a thing or two (about someone or something),236,251,know a thing or two (about someone or something)
know a trick or two,236,251,know a trick or two
know better (than to do something),236,251,know better (than to do something)
know-how,236,251,know-how
know one’s ABCs,236,251,know one’s ABCs
know one’s onions,236,251,know one’s onions
know one’s place,236,251,know one’s place
know one’s stuff,236,251,know one’s stuff and know one’s onions
know one’s way about,236,251,know one’s way about
know one’s way around,236,251,know one’s way around and know one’s way about
know someone by sight,236,251,know someone by sight
know someone or something like a book,236,251,know someone or something like a book
know someone or something like the back of one’s hand,236,251,know someone or something like the back of one’s hand
know someone or something like the palm of one’s hand,236,251,know someone or something like the palm of one’s hand and know someone or something like the back of one’s hand; know someone or something like a book
know something backwards and forwards,236,251,know something backwards and forwards and know something forwards and backwards
know something forwards and backwards,236,251,know something backwards and forwards and know something forwards and backwards
know something by heart,236,251,know something by heart
know something from memory,237,252,know something from memory
know something inside out,237,252,know something inside out
know something only too well,237,252,know something only too well
know the ropes,237,252,know the ropes
know the score,237,252,know the score and know what’s what
know what’s what,237,252,know the score and know what’s what
know when one is not wanted,237,252,know when one is not wanted
know where all the bodies are buried,237,252,know where all the bodies are buried
know whereof one speaks,237,252,know whereof one speaks
know where someone stands (on someone or something),237,252,know where someone stands (on someone or something)
know which is which,237,252,know which is which and tell which is which
tell which is which,237,252,know which is which and tell which is which
know which side one’s bread is buttered on,237,252,know which side one’s bread is buttered on
a known fact,237,252,a known fact
known it was coming,237,252,known it was coming
a known quantity,237,252,a known quantity
knuckle down (to something),238,253,knuckle down (to something)
knuckle under (to someone or something),238,253,knuckle under (to someone or something)
a labor of love,239,254,a labor of love
lace into someone or something,239,254,lace into someone or something and light into someone or something
light into someone or something,239,254,lace into someone or something and light into someone or something
laid-back,239,254,laid-back
laid up,239,254,laid up
the land of Nod,239,254,the land of Nod
land on both feet,239,254,land on both feet
land on one’s feet,239,254,land on one’s feet and land on both feet
land up somehow or somewhere,239,254,land up somehow or somewhere
a landslide victory,239,254,a landslide victory
lap something up,239,254,lap something up
lapse into a coma,239,254,lapse into a coma
large as life,239,254,large as life
last but not least,239,254,last but not least
a last-ditch effort,239,254,a last-ditch effort
the last person,240,255,the last person
last will and testament,240,255,last will and testament
late in life,240,255,late in life
late in the day,240,255,late in the day
laugh all the way to the bank,240,255,laugh all the way to the bank
laugh out of the other side of one’s mouth,240,255,laugh out of the other side of one’s mouth
laugh something off,240,255,laugh something off
laugh something out of court,240,255,laugh something out of court
laugh up one’s sleeve,240,255,laugh up one’s sleeve
launch forth (on something),240,255,launch forth (on something)
law unto oneself,240,255,law unto oneself
lay a finger on someone or something,240,255,lay a finger on someone or something
lay an egg,240,255,lay an egg
lay down one’s life (for someone or something),240,255,lay down one’s life (for someone or something)
lay down on the job,240,255,lay down on the job
lay down the law,240,255,lay down the law 1.
lay eyes on someone or something,240,255,lay eyes on someone or something
lay hold of someone or something,240,255,lay hold of someone or something
lay into someone or something,241,256,lay into someone or something
lay it on thick,241,256,lay it on thick and lay it on with a trowel; pour it on thick; spread it on thick
lay it on with a trowel,241,256,lay it on thick and lay it on with a trowel; pour it on thick; spread it on thick
pour it on thick,241,256,lay it on thick and lay it on with a trowel; pour it on thick; spread it on thick
spread it on thick,241,256,lay it on thick and lay it on with a trowel; pour it on thick; spread it on thick
lay low,241,256,lay low
lay off (someone or something),241,256,lay off (someone or something)
the lay of the land,241,256,the lay of the land 1.
lay one’s cards on the table,241,256,lay one’s cards on the table
lay over (somewhere),241,256,lay over (somewhere)
lay someone away,241,256,lay someone away
lay someone off,241,256,lay someone off
lay someone up,241,256,lay someone up
lay something by,241,256,lay something by
lay something in,241,256,lay something in
lay something on someone,241,256,lay something on someone
lay something on the line,241,256,lay something on the line
lay something to rest,241,256,lay something to rest
lay something to waste,241,256,lay something to waste and lay waste to something
lay waste to something,241,256,lay something to waste and lay waste to something
lay the blame on someone or something,241,256,lay the blame on someone or something
lay the finger on someone,241,256,lay the finger on someone
lead a dog’s life,241,256,lead a dog’s life and live a dog’s life
live a dog’s life,241,256,lead a dog’s life and live a dog’s life
lead off,241,256,lead off
lead someone by the nose,242,257,lead someone by the nose
lead someone down the garden path,242,257,lead someone down the garden path
lead someone on a merry chase,242,257,lead someone on a merry chase
lead someone to believe something,242,257,lead someone to believe something
lead someone to do something,242,257,lead someone to do something
lead the life of Riley,242,257,lead the life of Riley
lead up to something,242,257,lead up to something
a leading question,242,257,a leading question
leaf through something,242,257,leaf through something
leak something (out),242,257,leak something (out) and let something (get) out
let something (get) out,242,257,leak something (out) and let something (get) out
lean on someone,242,257,lean on someone
lean toward doing something,242,257,lean toward doing something
learn something by heart,242,257,learn something by heart
learn something by rote,242,257,learn something by rote
learn something from the bottom up,242,257,learn something from the bottom up
learn (something) the hard way,242,257,learn (something) the hard way and find (something) out the hard way
learn the ropes,243,258,learn the ropes
learn to live with something,243,258,learn to live with something
least of all,243,258,least of all
leave a bad taste in someone’s mouth,243,258,leave a bad taste in someone’s mouth
leave a lot to be desired,243,258,leave a lot to be desired
leave no stone unturned,243,258,leave no stone unturned
leave oneself wide open for something,243,258,leave oneself wide open for something and leave oneself wide open to something
leave oneself wide open to something,243,258,leave oneself wide open for something and leave oneself wide open to something
leave one’s mark on someone,243,258,leave one’s mark on someone
leave one to one’s fate,243,258,leave one to one’s fate
leave someone flat,243,258,leave someone flat 1.
leave someone for dead,243,258,leave someone for dead
leave someone high and dry,243,258,leave someone high and dry 1.
broke.,244,259,broke.
leave someone holding the bag,244,259,leave someone holding the bag
leave someone in peace,244,259,leave someone in peace
leave someone in the lurch,244,259,leave someone in the lurch
leave someone or something hanging in midair,244,259,leave someone or something hanging in midair and keep someone or something hanging in midair
leave someone or something in one’s hands,244,259,leave someone or something in one’s hands
leave someone out in the cold,244,259,leave someone out in the cold
leave something on,244,259,leave something on
leave something open,244,259,leave something open
leave well enough alone,244,259,leave well enough alone
leave word (with someone),244,259,leave word (with someone)
left and right,244,259,left and right
lend a hand (to someone),244,259,lend a hand (to someone)
lend an ear (to someone),244,259,lend an ear (to someone)
lend color to something,244,259,lend color to something
lend oneself or itself to something,244,259,lend oneself or itself to something
lend (someone) a hand,244,259,lend (someone) a hand and lend a hand (to someone)
less than pleased,244,259,less than pleased
the lesser (of the two),245,260,the lesser (of the two)
the lesser of two evils,245,260,the lesser of two evils
let alone someone or something,245,260,let alone someone or something
Let bygones be bygones.,245,260,Let bygones be bygones.
let go of someone or something,245,260,let go of someone or something
let go (with something),245,260,let go (with something) and cut loose (with something); let loose (with something)
let loose (with something),245,260,let go (with something) and cut loose (with something); let loose (with something)
let grass grow under one’s feet,245,260,let grass grow under one’s feet
let her rip,245,260,let her rip and let it roll
let it roll,245,260,let her rip and let it roll
let it all hang out,245,260,let it all hang out
Let it go.,245,260,Let it go.
let off steam,245,260,let off steam and blow off steam
let oneself go,245,260,let oneself go
let one’s emotions show,245,260,let one’s emotions show
let one’s hair down,245,260,let one’s hair down
let out some kind of sound,245,260,let out some kind of sound
Let sleeping dogs lie.,245,260,Let sleeping dogs lie.
let someone down,246,261,let someone down
let someone go,246,261,let someone go
let someone have it (with both barrels),246,261,let someone have it (with both barrels)
let someone in on something,246,261,let someone in on something
let someone know (about something),246,261,let someone know (about something)
let someone off easy,246,261,let someone off easy
let someone off (the hook),246,261,let someone off (the hook)
let someone or something off,246,261,let someone or something off 1. and let someone off easy
let something pass,246,261,let something pass
let something ride,246,261,let something ride
let something slide,246,261,let something slide
let something slide by,246,261,let something slide by
let something slip by,246,261,let something slip by and let something slide by 1.
let something slip (out),246,261,let something slip (out)
Let the buyer beware.,246,261,Let the buyer beware.
let the cat out of the bag,246,261,let the cat out of the bag and spill the beans
spill the beans,246,261,let the cat out of the bag and spill the beans
let the chance slip by,247,262,let the chance slip by
let things slide,247,262,let things slide
let up (on someone or something),247,262,let up (on someone or something)
let us do something,247,262,let us do something
let well enough alone,247,262,let well enough alone and leave well enough alone
Let’s do lunch.,247,262,Let’s do lunch.
level something at someone,247,262,level something at someone
level with someone,247,262,level with someone
license to do something,247,262,license to do something
a lick of work,247,262,a lick of work
lick one’s chops,247,262,lick one’s chops
lick one’s lips,247,262,lick one’s lips
lick something into shape,247,262,lick something into shape and whip something into shape
whip something into shape,247,262,lick something into shape and whip something into shape
lie down on the job,247,262,lie down on the job and lay down on the job
lie fallow,247,262,lie fallow 1.
lie in state,248,263,lie in state
lie in wait for someone or something,248,263,lie in wait for someone or something
lie low,248,263,lie low and lay low
lie through one’s teeth,248,263,lie through one’s teeth
life is too short,248,263,life is too short
the life of the party,248,263,the life of the party
Life’s been good (to me).,248,263,Life’s been good (to me).
lift a hand (against someone or something),248,263,lift a hand (against someone or something) and raise a hand (against someone or something)
raise a hand (against someone or something),248,263,lift a hand (against someone or something) and raise a hand (against someone or something)
light as a feather,248,263,light as a feather
light out (for somewhere),248,263,light out (for somewhere)
light out (of somewhere),248,263,light out (of somewhere)
Lightning never strikes twice (in the same place).,248,263,Lightning never strikes twice (in the same place).
like a bat out of hell,248,263,like a bat out of hell
like a bolt out of the blue,248,263,like a bolt out of the blue
like a bump on a log,248,263,like a bump on a log
like a fish out of water,248,263,like a fish out of water
like a house afire,248,263,like a house afire
like a house on fire,249,264,like a house on fire and like a house afire
(like) an open book,249,264,(like) an open book
like a sitting duck,249,264,like a sitting duck and like sitting ducks
like sitting ducks,249,264,like a sitting duck and like sitting ducks
like a three-ring circus,249,264,like a three-ring circus
like crazy,249,264,like crazy and like mad
like mad,249,264,like crazy and like mad
like greased lightning,249,264,like greased lightning
like it or lump it,249,264,like it or lump it
Like it’s such a big deal!,249,264,Like it’s such a big deal!
like lambs to the slaughter,249,264,like lambs to the slaughter
like looking for a needle in a haystack,249,264,like looking for a needle in a haystack
like nothing on earth,249,264,like nothing on earth 1.
like one of the family,249,264,like one of the family
like to hear oneself talk,249,264,like to hear oneself talk
like (two) peas in a pod,249,264,like (two) peas in a pod
like water off a duck’s back,249,264,like water off a duck’s back
likely as not,249,264,likely as not
the likes of someone,249,264,the likes of someone
line one’s own pockets,250,265,line one’s own pockets
line someone or something up with something,250,265,line someone or something up with something
line someone up (for something),250,265,line someone up (for something)
line someone up with someone,250,265,line someone up with someone
listen to reason,250,265,listen to reason
litmus test,250,265,litmus test
A little bird told me.,250,265,A little bird told me.
a little bit,250,265,a little bit
little by little,250,265,little by little
A little (hard) work never hurt anyone.,250,265,A little (hard) work never hurt anyone.and
A little (hard) work never killed anyone.,250,265,A little (hard) work never killed anyone.
A little knowledge is a dangerous thing.,250,265,A little knowledge is a dangerous thing.
live a life of something,250,265,live a life of something
live and learn,250,265,live and learn
live and let live,251,266,live and let live
live beyond one’s means,251,266,live beyond one’s means
live by one’s wits,251,266,live by one’s wits
live for the moment,251,266,live for the moment
live from hand to mouth,251,266,live from hand to mouth
live happily ever after,251,266,live happily ever after
live high off the hog,251,266,live high off the hog and live high on the hog
live high on the hog,251,266,live high off the hog and live high on the hog
live in,251,266,live in
live in an ivory tower,251,266,live in an ivory tower
live it up,251,266,live it up
live off the fat of the land,251,266,live off the fat of the land
live on borrowed time,251,266,live on borrowed time
live out of a suitcase,251,266,live out of a suitcase
live something down,251,266,live something down
live through something,251,266,live through something
live up to one’s end of the bargain,252,267,live up to one’s end of the bargain
live up to something,252,267,live up to something
live within one’s means,252,267,live within one’s means
loaded for bear,252,267,loaded for bear 1.
lock horns (with someone),252,267,lock horns (with someone)
lock something in,252,267,lock something in
"lock, stock, and barrel",252,267,"lock, stock, and barrel"
long and (the) short of it,252,267,long and (the) short of it
Long time no see.,252,267,Long time no see.
look as if butter wouldn’t melt in one’s mouth,252,267,look as if butter wouldn’t melt in one’s mouth
look at someone cross-eyed,252,267,look at someone cross-eyed
look daggers at someone,252,267,look daggers at someone
look down one’s nose at someone or something,252,267,look down one’s nose at someone or something
look down on someone or something,252,267,look down on someone or something and look down one’s nose at someone or something
look forward to something,252,267,look forward to something
look good on paper,252,267,look good on paper
look in (on someone or something),253,268,look in (on someone or something) and check in (on someone or something)
look into something,253,268,look into something and check into something; see into something
see into something,253,268,look into something and check into something; see into something
look like a million dollars,253,268,look like a million dollars
look like death warmed over,253,268,look like death warmed over
look like something,253,268,look like something
look like something the cat dragged in,253,268,look like something the cat dragged in
look like the cat that swallowed the canary,253,268,look like the cat that swallowed the canary
look on someone as something,253,268,look on someone as something
look out,253,268,look out
look out for someone or something,253,268,look out for someone or something
look someone in the eye,253,268,look someone in the eye
look someone in the face,253,268,look someone in the face and look someone in the eye; stare someone in the face
stare someone in the face,253,268,look someone in the face and look someone in the eye; stare someone in the face
look someone or something over,253,268,look someone or something over
look someone or something up,253,268,look someone or something up and hunt someone or something up
look the other way,253,268,look the other way
look to one’s laurels,253,268,look to one’s laurels
look to someone or something (for something),253,268,look to someone or something (for something)
look under the hood,254,269,look under the hood
look up to someone,254,269,look up to someone
loom large (on the horizon),254,269,loom large (on the horizon)
lord it over someone,254,269,lord it over someone
lose face,254,269,lose face
lose ground,254,269,lose ground
lose heart,254,269,lose heart
lose one’s cool,254,269,lose one’s cool and blow one’s cool
lose oneself (in something),254,269,lose oneself (in something)
lose one’s grip,254,269,lose one’s grip
lose one’s head (over someone or something),254,269,lose one’s head (over someone or something)
lose one’s marbles,254,269,lose one’s marbles and lose one’s mind
lose one’s mind,254,269,lose one’s marbles and lose one’s mind
lose one’s reason,254,269,lose one’s reason
lose one’s shirt,254,269,lose one’s shirt
lose one’s temper,254,269,lose one’s temper
lose one’s touch (with someone or something),254,269,lose one’s touch (with someone or something)
lose one’s train of thought,254,269,lose one’s train of thought
lose out (on something),254,269,lose out (on something)
lose out to someone or something,255,270,lose out to someone or something
lose sleep (over someone or something),255,270,lose sleep (over someone or something)
lose touch (with someone or something),255,270,lose touch (with someone or something)
lose track (of someone or something),255,270,lose track (of someone or something)
lost-and-found,255,270,lost-and-found
lost and gone forever,255,270,lost and gone forever
lost in thought,255,270,lost in thought
lost on someone,255,270,lost on someone
a lot of someone or something,255,270,a lot of someone or something and lots of people or things
lots of people or things,255,270,a lot of someone or something and lots of people or things
loud and clear,255,270,loud and clear
louse something up,255,270,louse something up
lousy with something,255,270,lousy with something
love at first sight,255,270,love at first sight
lovely weather for ducks,255,270,lovely weather for ducks
low man on the totem pole,255,270,low man on the totem pole
lower oneself to some level,255,270,lower oneself to some level
lower one’s sights,255,270,lower one’s sights
lower one’s voice,256,271,lower one’s voice
lower the boom on someone,256,271,lower the boom on someone
luck out,256,271,luck out
lull someone into a false sense of security,256,271,lull someone into a false sense of security
lull someone to sleep,256,271,lull someone to sleep
the lunatic fringe,256,271,the lunatic fringe
mad about someone or something,257,272,mad about someone or something
mad as a hatter,257,272,mad as a hatter
mad as a hornet,257,272,mad as a hornet
mad as a March hare,257,272,mad as a March hare
mad as a wet hen,257,272,mad as a wet hen
mad as hell,257,272,mad as hell
mad enough to chew nails,257,272,mad enough to chew nails and angry enough to chew nails
made for each other,257,272,made for each other
made to measure,257,272,made to measure
made to order,257,272,made to order
maiden voyage,257,272,maiden voyage
main strength and awkwardness,257,272,main strength and awkwardness
make a bed,257,272,make a bed and make someone’s bed
make someone’s bed,257,272,make a bed and make someone’s bed
make a beeline for someone or something,257,272,make a beeline for someone or something
make a big deal about something,257,272,make a big deal about something
make a break for something or somewhere,257,272,make a break for something or somewhere
make a bundle,257,272,make a bundle and make a pile
make a pile,257,272,make a bundle and make a pile
make a check out (to someone),257,272,make a check out (to someone)
make a clean breast of something,258,273,make a clean breast of something
make a clean sweep,258,273,make a clean sweep
make a comeback,258,273,make a comeback
make a day of doing something,258,273,make a day of doing something and make a day of it
make a day of it,258,273,make a day of doing something and make a day of it
make a dent in something,258,273,make a dent in something
make a face,258,273,make a face
make a face (at someone),258,273,make a face (at someone) 1.
make a fast buck,258,273,make a fast buck and make a quick buck
make a quick buck,258,273,make a fast buck and make a quick buck
make a federal case out of something,258,273,make a federal case out of something and make a big deal about something
make a fool out of someone,258,273,make a fool out of someone and make a monkey out of someone
make a monkey out of someone,258,273,make a fool out of someone and make a monkey out of someone
make a friend,258,273,make a friend and make friends
make friends,258,273,make a friend and make friends
make a fuss (over someone or something),258,273,make a fuss (over someone or something) and make over someone or something 1.
make over someone or something,258,273,make a fuss (over someone or something) and make over someone or something 1.
make a go of it,258,273,make a go of it
make a great show of something,259,274,make a great show of something
make a hit (with someone or something),259,274,make a hit (with someone or something)
make a killing,259,274,make a killing
make a laughingstock of oneself or something,259,274,make a laughingstock of oneself or something and make oneself or something a laughingstock
make oneself or something a laughingstock,259,274,make a laughingstock of oneself or something and make oneself or something a laughingstock
make a living,259,274,make a living
make allowance(s) (for someone or something),259,274,make allowance(s) (for someone or something) 1.
make a long story short,259,274,make a long story short
make a meal of something,259,274,make a meal of something
make amends (for something),259,274,make amends (for something)
make a mountain out of a molehill,259,274,make a mountain out of a molehill
make an all-out effort,259,274,make an all-out effort
make a name (for oneself),259,274,make a name (for oneself)
make an appearance,259,274,make an appearance
make an appointment (with someone),259,274,make an appointment (with someone)
make an example of someone,259,274,make an example of someone
make an exception (for someone),260,275,make an exception (for someone)
make an exhibition of oneself,260,275,make an exhibition of oneself
make a night of doing something,260,275,make a night of doing something
make an impression (on someone),260,275,make an impression (on someone)
make an issue of someone or something,260,275,make an issue of someone or something
make a note of something,260,275,make a note of something
make a nuisance of oneself,260,275,make a nuisance of oneself
make a pass at someone,260,275,make a pass at someone
make a pitch (for someone or something),260,275,make a pitch (for someone or something)
make a play (for someone),260,275,make a play (for someone)
make a point,260,275,make a point
make a point of doing something,260,275,make a point of doing something
make a point of someone or something,260,275,make a point of someone or something and make an issue of someone or something
make a practice of something,260,275,make a practice of something and make something a practice
make something a practice,260,275,make a practice of something and make something a practice
make a reservation,260,275,make a reservation and make reservations
make reservations,260,275,make a reservation and make reservations
make arrangements (for someone or something),261,276,make arrangements (for someone or something) 1.
make a run for it,261,276,make a run for it
make a scene,261,276,make a scene and create a scene
make as if to do something,261,276,make as if to do something
make a silk purse out of a sow’s ear,261,276,make a silk purse out of a sow’s ear
make away with someone or something,261,276,make away with someone or something and make off with someone or something
make off with someone or something,261,276,make away with someone or something and make off with someone or something
make book on something,261,276,make book on something
make (both) ends meet,261,276,make (both) ends meet
make chin music,261,276,make chin music
make cracks (about someone or something),261,276,make cracks (about someone or something)
make do (with someone or something),261,276,make do (with someone or something)
make eyes (at someone),261,276,make eyes (at someone)
make fast work of someone or something,261,276,make fast work of someone or something
make for somewhere,261,276,make for somewhere
make free with someone or something,261,276,make free with someone or something 1.
make fun (of someone or something),262,277,make fun (of someone or something)
make good as something,262,277,make good as something
make good (at something),262,277,make good (at something)
make good money,262,277,make good money
make good on something,262,277,make good on something 1.
make good time,262,277,make good time
make hamburger out of someone or something,262,277,make hamburger out of someone or something and make mincemeat out of someone or something
make mincemeat out of someone or something,262,277,make hamburger out of someone or something and make mincemeat out of someone or something
make it,262,277,make it
make it as far as something,262,277,make it as far as something
make it hot for someone,262,277,make it hot for someone
make it one’s business to do something,262,277,make it one’s business to do something
make it to something,262,277,make it to something
make it (until something),262,277,make it (until something) and make it to something; make it as far as something
make it worth someone’s while,262,277,make it worth someone’s while
make life miserable for someone,262,277,make life miserable for someone
make light of something,262,277,make light of something
make little of someone or something,262,277,make little of someone or something
make love (to someone),263,278,make love (to someone)
make merry,263,278,make merry
make mischief,263,278,make mischief
Make no bones about it. Make no mistake (about it).,263,278,Make no bones about it. Make no mistake (about it).;
make no difference (to someone),263,278,make no difference (to someone)
make no mistake (about it),263,278,make no mistake (about it)
make nothing of something,263,278,make nothing of something
make oneself at home,263,278,make oneself at home
make oneself conspicuous,263,278,make oneself conspicuous
make oneself heard,263,278,make oneself heard
make oneself scarce,263,278,make oneself scarce
make (oneself) up,263,278,make (oneself) up
make one’s mind up,263,278,make one’s mind up
make one’s way through something,263,278,make one’s way through something
make or break someone,263,278,make or break someone
make out (with someone or something),263,278,make out (with someone or something) 1.
make overtures,263,278,make overtures
make peace (with someone),264,279,make peace (with someone)
make points (with someone),264,279,make points (with someone)
make sense,264,279,make sense
make sense out of someone or something,264,279,make sense out of someone or something
make short work of someone or something,264,279,make short work of someone or something and make fast work of someone or something
make someone eat crow,264,279,make someone eat crow
make someone look good,264,279,make someone look good
make someone look ridiculous,264,279,make someone look ridiculous
make someone or something available to someone,264,279,make someone or something available to someone
make someone’s blood boil,264,279,make someone’s blood boil
make someone’s blood run cold,264,279,make someone’s blood run cold
make someone’s flesh crawl,264,279,make someone’s flesh crawl
make someone’s gorge rise,264,279,make someone’s gorge rise
make someone’s hair stand on end,264,279,make someone’s hair stand on end
make someone’s head spin,264,279,make someone’s head spin
make someone’s head swim,264,279,make someone’s head swim and make someone’s head spin 1.
make someone sick,265,280,make someone sick
make someone’s mouth water,265,280,make someone’s mouth water
make someone’s position clear,265,280,make someone’s position clear
make someone the scapegoat for something,265,280,make someone the scapegoat for something
make someone up,265,280,make someone up
make something,265,280,make something
make something from scratch,265,280,make something from scratch
make something good,265,280,make something good and make something right
make something right,265,280,make something good and make something right
make something out of nothing,265,280,make something out of nothing 1.
make something (out) of something,265,280,make something (out) of something 1.
make something to order,265,280,make something to order
make something up,265,280,make something up 1.
make something up out of whole cloth,265,280,make something up out of whole cloth
make something up to someone,266,281,make something up to someone
make something worth someone’s while,266,281,make something worth someone’s while
make the bed,266,281,make the bed and make someone’s bed
make the best of something,266,281,make the best of something
make the feathers fly,266,281,make the feathers fly
make the fur fly,266,281,make the fur fly and make the feathers fly
make the grade,266,281,make the grade
make the most of something,266,281,make the most of something
make the scene,266,281,make the scene
make time (for someone or something),266,281,make time (for someone or something)
make time (with someone),266,281,make time (with someone)
make up for lost time,266,281,make up for lost time
make up for someone or something,266,281,make up for someone or something
make up (with someone),266,281,make up (with someone)
make use of someone or something,266,281,make use of someone or something
make waves,266,281,make waves
make way,266,281,make way
make way (for someone or something),267,282,make way (for someone or something)
man-about-town,267,282,man-about-town
man to man,267,282,man to man and woman to woman
woman to woman,267,282,man to man and woman to woman
Many hands make light work.,267,282,Many hands make light work.
many is the time,267,282,many is the time
march to (the beat of) a different drummer,267,282,march to (the beat of) a different drummer
mark my word(s),267,282,mark my word(s)
mark someone or something down,267,282,mark someone or something down 1.
mark something up,267,282,mark something up 1.
a marvel to behold,267,282,a marvel to behold
"a match for someone, something, or some creature",267,282,"a match for someone, something, or some creature"
matter-of-fact,267,282,matter-of-fact
a matter of life and death,267,282,a matter of life and death
a matter of opinion,267,282,a matter of opinion
mean business,267,282,mean business
mean for someone to do something,268,283,mean for someone to do something
mean nothing (to someone),268,283,mean nothing (to someone) 1.
mean something (to someone),268,283,mean something (to someone) 1.
mean to (do something),268,283,mean to (do something)
meant to be,268,283,meant to be
meant to be something,268,283,meant to be something
measure up (to someone or something),268,283,measure up (to someone or something)
measure up (to someone’s expectations),268,283,measure up (to someone’s expectations) and measure up to someone’s standards
measure up to someone’s standards,268,283,measure up (to someone’s expectations) and measure up to someone’s standards
meat-and-potatoes,268,283,meat-and-potatoes
a Mecca for someone,268,283,a Mecca for someone
meek as a lamb,268,283,meek as a lamb
meet one’s death,268,283,meet one’s death and meet one’s end
meet one’s end,268,283,meet one’s death and meet one’s end
meet one’s match,268,283,meet one’s match
meet one’s Waterloo,268,283,meet one’s Waterloo
meet someone halfway,268,283,meet someone halfway
meet the requirements (for something),268,283,meet the requirements (for something)
a meeting of minds,268,283,a meeting of minds
melt in one’s mouth,269,284,melt in one’s mouth 1.
mend (one’s) fences,269,284,mend (one’s) fences
mend one’s ways,269,284,mend one’s ways
mention someone or something in passing,269,284,mention someone or something in passing
merry as a cricket,269,284,merry as a cricket
merry as the day is long,269,284,merry as the day is long
mess about (with someone or something),269,284,mess about (with someone or something)
mess around (with someone or something),269,284,mess around (with someone or something) and mess about (with someone or something); monkey around (with someone or something); screw around (with someone or something)
monkey around (with someone or something),269,284,mess around (with someone or something) and mess about (with someone or something); monkey around (with someone or something); screw around (with someone or something)
screw around (with someone or something),269,284,mess around (with someone or something) and mess about (with someone or something); monkey around (with someone or something); screw around (with someone or something)
mess someone or something up,269,284,mess someone or something up 1.
middle-of-the-road,269,284,middle-of-the-road
might and main,269,284,might and main
milestone in someone’s life,269,284,milestone in someone’s life
milk of human kindness,269,284,milk of human kindness
milk someone for something,269,284,milk someone for something
millstone about one’s neck,269,284,millstone about one’s neck
mince (one’s) words,269,284,mince (one’s) words
mind one’s own business,269,284,mind one’s own business
mind one’s p’s and q’s,270,285,mind one’s p’s and q’s
mind the store,270,285,mind the store
mind you,270,285,mind you
mind your manners,270,285,mind your manners
a mine of information,270,285,a mine of information
the minute something happens,270,285,the minute something happens
a miscarriage of justice,270,285,a miscarriage of justice
misplace one’s trust (in someone),270,285,misplace one’s trust (in someone)
miss out (on something),270,285,miss out (on something) and lose out (on something)
miss (something) by a mile,270,285,miss (something) by a mile
miss the boat,270,285,miss the boat
miss the point,270,285,miss the point
mistake someone for someone else,270,285,mistake someone for someone else and mix someone up with someone else
mix someone up with someone else,270,285,mistake someone for someone else and mix someone up with someone else
mix and match,270,285,mix and match 1.
mix it up,271,286,mix it up
mix someone or something up,271,286,mix someone or something up 1.
a mixed bag,271,286,a mixed bag
the moment everyone has been waiting for,271,286,the moment everyone has been waiting for
the moment of truth,271,286,the moment of truth
Money burns a hole in someone’s pocket.,271,286,Money burns a hole in someone’s pocket.
Money is no object.,271,286,Money is no object. and Expense is no object.
Expense is no object.,271,286,Money is no object. and Expense is no object.
Money is the root of all evil.,271,286,Money is the root of all evil.
money talks,271,286,money talks
monkey business,271,286,monkey business
monkey suit,271,286,monkey suit
mop the floor up with someone,271,286,mop the floor up with someone
mope around,271,286,mope around
more and more,272,287,more and more
more dead than alive,272,287,more dead than alive
more often than not,272,287,more often than not
more or less,272,287,more or less
more someone or something than one can shake a stick at,272,287,more someone or something than one can shake a stick at
more than one can bear,272,287,more than one can bear and more than one can take; more than one can stand
more than one can take,272,287,more than one can bear and more than one can take; more than one can stand
more than one can stand,272,287,more than one can bear and more than one can take; more than one can stand
more than someone bargained for,272,287,more than someone bargained for
the more the merrier,272,287,the more the merrier
more (to something) than meets the eye,272,287,more (to something) than meets the eye
the morning after (the night before),272,287,the morning after (the night before)
move heaven and earth to do something,272,287,move heaven and earth to do something
move in (on someone or something),272,287,move in (on someone or something) 1.
move into something,272,287,move into something
move up (in the world),273,288,move up (in the world)
movers and shakers,273,288,movers and shakers
much ado about nothing,273,288,much ado about nothing
much in evidence,273,288,much in evidence
much sought after,273,288,much sought after
muddy the water,273,288,muddy the water
mull something over,273,288,mull something over
mum’s the word,273,288,mum’s the word
murder on something,273,288,murder on something
muscle in (on someone or something),273,288,muscle in (on someone or something)
muster (up) one’s courage,273,288,muster (up) one’s courage
my gut tells me (that) something is so,273,288,my gut tells me (that) something is so
my one and only,273,288,my one and only
nail in someone’s or something’s coffin,274,289,nail in someone’s or something’s coffin
nail someone or something down,274,289,nail someone or something down 1.
naked as a jaybird,274,289,naked as a jaybird
the naked eye,274,289,the naked eye
the name of the game,274,289,the name of the game
name someone after someone else,274,289,name someone after someone else and name someone for someone else
name someone for someone else,274,289,name someone after someone else and name someone for someone else
near at hand,274,289,near at hand
neat as a pin,274,289,neat as a pin
neck and neck,274,289,neck and neck
need something like a hole in the head,274,289,need something like a hole in the head
need something yesterday,274,289,need something yesterday
neither fish nor fowl,274,289,neither fish nor fowl
neither here nor there,274,289,neither here nor there
neither hide nor hair,274,289,neither hide nor hair
never fear,275,290,never fear
never had it so good,275,290,never had it so good
never in one’s life,275,290,never in one’s life
never mind,275,290,never mind
never would have guessed,275,290,never would have guessed 1.
new ball game,275,290,new ball game
new blood,275,290,new blood
new hire,275,290,new hire
a new lease on life,275,290,a new lease on life
new to (all) this,275,290,new to (all) this
next-door neighbor,275,290,next-door neighbor
next of kin,275,290,next of kin
next to nothing,275,290,next to nothing
next to someone or something,275,290,next to someone or something
nice and some quality,275,290,nice and some quality
nickel and dime someone,275,290,nickel and dime someone
a night on the town,275,290,a night on the town
night owl,275,290,night owl
a nine days’ wonder,275,290,a nine days’ wonder
a nine-to-five job,275,290,a nine-to-five job
nip and tuck,276,291,nip and tuck
nip something in the bud,276,291,nip something in the bud
No big deal!,276,291,No big deal!
no buts about it,276,291,no buts about it
No can do.,276,291,No can do.
No comment.,276,291,No comment.
no doubt,276,291,no doubt
no end of something,276,291,no end of something
no flies on someone,276,291,no flies on someone
no great shakes,276,291,no great shakes
no hard feelings,276,291,no hard feelings
No harm done.,276,291,No harm done.
no holds barred,276,291,no holds barred
"no ifs, ands, or buts about it",276,291,"no ifs, ands, or buts about it and no buts about it"
no joke,276,291,no joke
no kidding,276,291,no kidding
no laughing matter,276,291,no laughing matter
no love lost (between someone and someone else),276,291,no love lost (between someone and someone else)
no matter what happens,276,291,no matter what happens
No news is good news.,276,291,No news is good news.
no point in something,277,292,no point in something
no problem,277,292,no problem
no skin off someone’s nose,277,292,no skin off someone’s nose
no skin off someone’s teeth,277,292,no skin off someone’s teeth and no skin off someone’s nose
no sooner said than done,277,292,no sooner said than done
no spring chicken,277,292,no spring chicken
no sweat,277,292,no sweat and no problem
no trespassing,277,292,no trespassing
no two ways about it,277,292,no two ways about it
no-win situation,277,292,no-win situation
no wonder,277,292,no wonder
nobody’s fool,277,292,nobody’s fool
nod off,277,292,nod off
none of someone’s beeswax none of someone’s business,277,292,none of someone’s beeswax none of someone’s business
none of someone’s business,277,292,none of someone’s business
none other than someone,277,292,none other than someone
none the wiser,277,292,none the wiser
none the worse for wear,277,292,none the worse for wear
none too something,277,292,none too something
nose about,278,293,nose about
nose around,278,293,nose around and nose about
nose in(to something),278,293,nose in(to something)
nose someone out,278,293,nose someone out
not a bit,278,293,not a bit
not able to call one’s time one’s own,278,293,not able to call one’s time one’s own
not able to go on,278,293,not able to go on
not able to help something,278,293,not able to help something
not able to make anything out of someone or something,278,293,not able to make anything out of someone or something
not able to see the forest for the trees,278,293,not able to see the forest for the trees
not able to stomach someone or something,278,293,not able to stomach someone or something and cannot stomach someone or something
not able to wait,278,293,not able to wait
not agree with someone,278,293,not agree with someone
not a living soul,278,293,not a living soul
not all something is cracked up to be,278,293,not all something is cracked up to be and not what something is cracked up to be
not what something is cracked up to be,278,293,not all something is cracked up to be and not what something is cracked up to be
not all there,278,293,not all there
not a moment to spare,278,293,not a moment to spare and without a moment to spare
without a moment to spare,278,293,not a moment to spare and without a moment to spare
not at all,279,294,not at all
not bat an eyelid,279,294,not bat an eyelid
not believe one’s eyes,279,294,not believe one’s eyes
not born yesterday,279,294,not born yesterday
not breathe a word (about someone or something),279,294,not breathe a word (about someone or something)
not breathe a word of it,279,294,not breathe a word of it
not buy something,279,294,not buy something
not by a long shot,279,294,not by a long shot
not care two hoots (about someone or something),279,294,not care two hoots (about someone or something) and not give two hoots (about someone or something); not give a hang (about someone or something); not give a hoot (about someone or something)
not give two hoots (about someone or something),279,294,not care two hoots (about someone or something) and not give two hoots (about someone or something); not give a hang (about someone or something); not give a hoot (about someone or something)
not give a hang (about someone or something),279,294,not care two hoots (about someone or something) and not give two hoots (about someone or something); not give a hang (about someone or something); not give a hoot (about someone or something)
not give a hoot (about someone or something),279,294,not care two hoots (about someone or something) and not give two hoots (about someone or something); not give a hang (about someone or something); not give a hoot (about someone or something)
not dry behind the ears,279,294,not dry behind the ears
not enough room to swing a cat,279,294,not enough room to swing a cat
not for a moment,279,294,not for a moment
not for (anything in) the world,279,294,not for (anything in) the world and not for love nor money; not on your life
not for love nor money,279,294,not for (anything in) the world and not for love nor money; not on your life
not on your life,279,294,not for (anything in) the world and not for love nor money; not on your life
not for hire,279,294,not for hire
not for publication,279,294,not for publication
not give it another thought,279,294,not give it another thought
not give someone the time of day,280,295,not give someone the time of day
not half bad,280,295,not half bad
not hold a candle to someone or something,280,295,not hold a candle to someone or something
not hold a stick to someone or something,280,295,not hold a stick to someone or something and not hold a candle to someone or something
not hold water,280,295,not hold water
not hurt a flea,280,295,not hurt a flea
not in the same league with someone or something,280,295,not in the same league with someone or something
not know beans (about someone or something),280,295,not know beans (about someone or something)
not know enough to come in out of the rain,280,295,not know enough to come in out of the rain
not know from nothing,280,295,not know from nothing
not know if one is coming or going,280,295,not know if one is coming or going
not know one’s own strength,280,295,not know one’s own strength
not know someone from Adam,280,295,not know someone from Adam
not know the first thing about someone or something,280,295,not know the first thing about someone or something
not know where to turn,280,295,not know where to turn and not know which way to turn
not know which way to turn,280,295,not know where to turn and not know which way to turn
not know whether one is coming or going,280,295,not know whether one is coming or going and not know if one is coming or going
not let someone catch someone doing something,281,296,not let someone catch someone doing something and not want to catch someone doing something
not want to catch someone doing something,281,296,not let someone catch someone doing something and not want to catch someone doing something
not lift a finger (to help someone),281,296,not lift a finger (to help someone) and not lift a hand (to help someone)
not lift a hand (to help someone),281,296,not lift a finger (to help someone) and not lift a hand (to help someone)
not long for this world,281,296,not long for this world
not made of money,281,296,not made of money
not miss a thing,281,296,not miss a thing
not miss much,281,296,not miss much 1. and not miss a thing
not move a muscle,281,296,not move a muscle
not on any account,281,296,not on any account
not one iota,281,296,not one iota
not one’s place,281,296,not one’s place
not open one’s mouth,281,296,not open one’s mouth and not utter a word
not utter a word,281,296,not open one’s mouth and not utter a word
not see any objection (to something),281,296,not see any objection (to something)
not see farther than the end of one’s nose,281,296,not see farther than the end of one’s nose and not see past the end of one’s nose
not see past the end of one’s nose,281,296,not see farther than the end of one’s nose and not see past the end of one’s nose
not set foot somewhere,281,296,not set foot somewhere
not show one’s face,282,297,not show one’s face
not sleep a wink,282,297,not sleep a wink
not someone’s cup of tea,282,297,not someone’s cup of tea
not take no for an answer,282,297,not take no for an answer
not take stock in something,282,297,not take stock in something
not tell a (living) soul,282,297,not tell a (living) soul
not up to scratch,282,297,not up to scratch and not up to snuff
not up to snuff,282,297,not up to scratch and not up to snuff
not with it,282,297,not with it
not worth a dime,282,297,not worth a dime and not worth a red cent
not worth a red cent,282,297,not worth a dime and not worth a red cent
not worth a hill of beans,282,297,not worth a hill of beans and not worth a plugged nickel
not worth a plugged nickel,282,297,not worth a hill of beans and not worth a plugged nickel
not worth mentioning,282,297,not worth mentioning 1.
not worth one’s while,282,297,not worth one’s while
not worth the trouble,282,297,not worth the trouble
nothing but skin and bones,282,297,nothing but skin and bones and (all) skin and bones
nothing but something,282,297,nothing but something
nothing doing,282,297,nothing doing
nothing down,282,297,nothing down
nothing of the kind,283,298,nothing of the kind 1.
nothing short of something,283,298,nothing short of something
nothing to choose from,283,298,nothing to choose from
nothing to complain about,283,298,nothing to complain about
nothing to it,283,298,nothing to it
nothing to sneeze at,283,298,nothing to sneeze at
nothing to speak of,283,298,nothing to speak of
nothing to write home about,283,298,nothing to write home about
"Nothing ventured, nothing gained.",283,298,"Nothing ventured, nothing gained."
now and again,283,298,now and again
now and then,283,298,now and then
Now hear this!,283,298,Now hear this!
now or never,283,298,now or never
"(Now), where was I?",283,298,"(Now), where was I?"
nowhere near,283,298,nowhere near
null and void,283,298,null and void
a number of things or people,283,298,a number of things or people
nurse a grudge (against someone),283,298,nurse a grudge (against someone)
nurse someone back to health,283,298,nurse someone back to health
the nuts and bolts (of something),284,299,the nuts and bolts (of something)
nutty as a fruitcake,284,299,nutty as a fruitcake
nuzzle up to someone or something,284,299,nuzzle up to someone or something
occur to someone,285,300,occur to someone
an ocean of someone or something,285,300,an ocean of someone or something
oceans of someone or something,285,300,oceans of someone or something and
odd man out,285,300,odd man out
the odd something,285,300,the odd something
odds and ends,285,300,odds and ends
odor of sanctity,285,300,odor of sanctity
of age,285,300,of age
of all the nerve,285,300,of all the nerve
of all things,285,300,of all things
of benefit (to someone),285,300,of benefit (to someone)
of interest (to someone),285,300,of interest (to someone)
of late,285,300,of late
of no avail,285,300,of no avail
of one’s own accord,285,300,of one’s own accord and of one’s own free will
of one’s own free will,285,300,of one’s own accord and of one’s own free will
of the first water,285,300,of the first water
of the old school,286,301,of the old school
"off again, on again",286,301,"off again, on again"
off and on,286,301,off and on
off and running,286,301,off and running
off base,286,301,off base
off campus,286,301,off campus
off-center,286,301,off-center
off chance,286,301,off chance
off-color,286,301,off-color 1.
off duty,286,301,off duty
off like a shot,286,301,off like a shot
off limits,286,301,off limits and out of bounds
out of bounds,286,301,off limits and out of bounds
off one’s nut,286,301,off one’s nut
off one’s rocker,286,301,off one’s rocker and off one’s nut; off one’s trolley
off one’s trolley,286,301,off one’s rocker and off one’s nut; off one’s trolley
off season,286,301,off season
off someone or something goes,286,301,off someone or something goes
off the air,286,301,off the air
off the (beaten) track,286,301,off the (beaten) track
off-the-cuff,286,301,off-the-cuff
off the mark,287,302,off the mark
off the record,287,302,off the record
off the subject,287,302,off the subject
off the top of one’s head,287,302,off the top of one’s head
off the track,287,302,off the track 1.
off-the-wall,287,302,off-the-wall
off to a running start,287,302,off to a running start
off to one side,287,302,off to one side
old as the hills,287,302,old as the hills
old enough to be someone’s father,287,302,old enough to be someone’s father
old enough to be someone’s mother,287,302,old enough to be someone’s mother and old enough to be someone’s father
Old habits die hard.,287,302,Old habits die hard.
an old hand at doing something,287,302,an old hand at doing something
old hat,287,302,old hat
on a bias,287,302,on a bias and on the bias
on the bias,287,302,on a bias and on the bias
on account,287,302,on account
on active duty,287,302,on active duty
on a diet,287,302,on a diet
on a first-name basis (with someone),287,302,on a first-name basis (with someone)
on a fool’s errand,287,302,on a fool’s errand
"on again, off again",288,303,"on again, off again and off again, on again"
on all fours,288,303,on all fours
on and off,288,303,on and off and off and on
on any account,288,303,on any account
on approval,288,303,on approval
on a shoestring,288,303,on a shoestring
on a splurge,288,303,on a splurge
on a waiting list,288,303,on a waiting list
on bended knee,288,303,on bended knee
on board,288,303,on board 1.
on Broadway,288,303,on Broadway
on call,288,303,on call
on campus,288,303,on campus
on cloud nine,288,303,on cloud nine
on consignment,288,303,on consignment
on credit,288,303,on credit
on dead center,288,303,on dead center 1.
on deck,289,304,on deck 1.
on duty,289,304,on duty
on earth,289,304,on earth and in creation; in the world
on easy street,289,304,on easy street
on edge,289,304,on edge 1.
on fire,289,304,on fire
on foot,289,304,on foot
on good terms (with someone),289,304,on good terms (with someone)
on hold,289,304,on hold 1.
on horseback,289,304,on horseback
on impact,289,304,on impact
on impulse,289,304,on impulse
on in years,289,304,on in years
on land,289,304,on land
on location,289,304,on location
on medication,289,304,on medication
on no account,289,304,on no account and not on any account
on occasion,289,304,on occasion
on one’s best behavior,289,304,on one’s best behavior
on one’s feet,289,304,on one’s feet 1.
on (one’s) guard,290,305,on (one’s) guard
on one’s honor,290,305,on one’s honor
on one’s mind,290,305,on one’s mind
on one’s own,290,305,on one’s own
on one’s own time,290,305,on one’s own time
on one’s person,290,305,on one’s person
on one’s toes,290,305,on one’s toes
on one’s way to doing something,290,305,on one’s way to doing something
on order,290,305,on order
on par (with someone or something),290,305,on par (with someone or something)
on patrol,290,305,on patrol
on pins and needles,290,305,on pins and needles
on probation,290,305,on probation 1.
on purpose,290,305,on purpose
on sale,290,305,on sale
on schedule,290,305,on schedule
on second thought,290,305,on second thought
on someone’s account,290,305,on someone’s account
on someone’s back,290,305,on someone’s back
on someone’s case,290,305,on someone’s case and on someone’s back
on someone’s head,290,305,on someone’s head
on someone’s or something’s last legs,291,306,on someone’s or something’s last legs
on someone’s say-so,291,306,on someone’s say-so
on someone’s shoulders,291,306,on someone’s shoulders
on someone’s way (somewhere),291,306,on someone’s way (somewhere)
on speaking terms (with someone),291,306,on speaking terms (with someone)
on standby,291,306,on standby
on target,291,306,on target
on the air,291,306,on the air
on the alert (for someone or something),291,306,on the alert (for someone or something)
on the average,291,306,on the average
on the ball,291,306,on the ball
on the beam,291,306,on the beam
on the bench,291,306,on the bench 1.
on the blink,291,306,on the blink
on the block,291,306,on the block 1.
on the borderline,291,306,on the borderline
on the button,291,306,on the button
on the contrary,291,306,on the contrary
on the defensive,292,307,on the defensive
on the dot,292,307,on the dot
on the double,292,307,on the double
on the eve of something,292,307,on the eve of something
on the face of it,292,307,on the face of it
on the fence (about something),292,307,on the fence (about something)
on the fritz,292,307,on the fritz and on the blink
on the go,292,307,on the go
on the heels of something,292,307,on the heels of something
on the horizon,292,307,on the horizon
on the horns of a dilemma,292,307,on the horns of a dilemma
on the hot seat,292,307,on the hot seat and in the hot seat
on the hour,292,307,on the hour
on the house,292,307,on the house
on the job,292,307,on the job
on the level,292,307,on the level
on the lookout (for someone or something),292,307,on the lookout (for someone or something)
on the loose,292,307,on the loose
on the make,292,307,on the make 1.
on the market,292,307,on the market
on the mend,293,308,on the mend
on the money,293,308,on the money and on the nose
on the nose,293,308,on the money and on the nose
on the move,293,308,on the move
on the off-chance,293,308,on the off-chance
on (the) one hand,293,308,on (the) one hand
on the other hand,293,308,on the other hand
on the point of doing something,293,308,on the point of doing something and at the point of doing something
on the QT,293,308,on the QT
on the right track,293,308,on the right track
on the rocks,293,308,on the rocks 1.
on the spot,293,308,on the spot 1.
on the spur of the moment,293,308,on the spur of the moment
on the strength of something,293,308,on the strength of something
on the take,293,308,on the take
on the tip of one’s tongue,293,308,on the tip of one’s tongue
on the track of someone or something,293,308,on the track of someone or something
on the trail of someone or something,293,308,on the trail of someone or something and on the track of someone or something
on the up-and-up,294,309,on the up-and-up
on the verge (of doing something),294,309,on the verge (of doing something)
on the wagon,294,309,on the wagon
on the warpath,294,309,on the warpath
on the way (somewhere),294,309,on the way (somewhere) and on someone’s way (somewhere)
on the way to doing something,294,309,on the way to doing something and on one’s way to doing something
on the whole,294,309,on the whole
on the wing,294,309,on the wing
on the wrong track,294,309,on the wrong track
on thin ice,294,309,on thin ice
on time,294,309,on time
on tiptoe,294,309,on tiptoe
on top,294,309,on top
on top of something,294,309,on top of something 1.
on top of the world,294,309,on top of the world
on trial,294,309,on trial
on vacation,294,309,on vacation
on view,294,309,on view
once and for all,294,309,once and for all
once in a blue moon,295,310,once in a blue moon
once-in-a-lifetime chance,295,310,once-in-a-lifetime chance
once in a while,295,310,once in a while
once-over-lightly,295,310,once-over-lightly 1.
once upon a time,295,310,once upon a time
one and all,295,310,one and all
the one and only,295,310,the one and only
one and the same,295,310,one and the same
one at a time,295,310,one at a time
one by one,295,310,one by one and one at a time
one for the (record) books,295,310,one for the (record) books
One good turn deserves another.,295,310,One good turn deserves another.
one in a hundred,295,310,one in a hundred
one in a million,295,310,one in a million
one in a thousand,295,310,one in a thousand and one in a hundred; one in a million
one jump ahead (of someone or something),295,310,one jump ahead (of someone or something) and one move ahead (of someone or something)
one move ahead (of someone or something),295,310,one jump ahead (of someone or something) and one move ahead (of someone or something)
one little bit,295,310,one little bit
One man’s meat is another man’s poison.,295,310,One man’s meat is another man’s poison.
One man’s trash is another man’s treasure.,295,310,One man’s trash is another man’s treasure.
one-night stand,296,311,one-night stand
one of these days,296,311,one of these days
one sandwich short of a picnic,296,311,one sandwich short of a picnic
One thing leads to another.,296,311,One thing leads to another.
one thing or person after another,296,311,one thing or person after another
one to a customer,296,311,one to a customer
one up (on someone),296,311,one up (on someone)
one way or another,296,311,one way or another
One’s bark is worse than one’s bite.,296,311,One’s bark is worse than one’s bite.
one’s better half,296,311,one’s better half
one’s brother’s keeper,296,311,one’s brother’s keeper
one’s daily dozen,296,311,one’s daily dozen
one’s days are numbered,296,311,one’s days are numbered
one’s deepest sympathy,296,311,one’s deepest sympathy
one’s ears are red,296,311,one’s ears are red
one’s ears are ringing,296,311,one’s ears are ringing
oneself again,297,312,oneself again
One’s eyes are bigger than one’s stomach.,297,312,One’s eyes are bigger than one’s stomach.
one’s fair share,297,312,one’s fair share
one’s for the asking,297,312,one’s for the asking
one’s heart goes out to someone,297,312,one’s heart goes out to someone
one’s heart is (dead) set against something,297,312,one’s heart is (dead) set against something
one’s heart is in one’s mouth,297,312,one’s heart is in one’s mouth
one’s heart is in the right place,297,312,one’s heart is in the right place
one’s heart is set on something,297,312,one’s heart is set on something
one’s heart misses a beat,297,312,one’s heart misses a beat and
one’s heart skips a beat,297,312,one’s heart skips a beat
one’s heart stands still,297,312,one’s heart stands still
one’s luck runs out,297,312,one’s luck runs out
one’s name is mud,297,312,one’s name is mud
one’s nose is in the air,297,312,one’s nose is in the air
one’s number is up,297,312,one’s number is up
one’s old stamping ground,297,312,one’s old stamping ground
one’s way of life,297,312,one’s way of life
one’s work is cut out for one,298,313,one’s work is cut out for one
only have eyes for someone,298,313,only have eyes for someone
onto someone or something,298,313,onto someone or something
open a conversation,298,313,open a conversation
an open-and-shut case,298,313,an open-and-shut case
an open book,298,313,an open book
open fire (on someone),298,313,open fire (on someone)
open for business,298,313,open for business
open one’s heart (to someone),298,313,open one’s heart (to someone)
open Pandora’s box,298,313,open Pandora’s box
open season (on someone or something),298,313,open season (on someone or something) 1.
open secret,298,313,open secret
open someone’s eyes (to something),298,313,open someone’s eyes (to something) 1.
open something up,298,313,open something up 1.
open the door to something,299,314,open the door to something
open to something,299,314,open to something
open up,299,314,open up 1.
open (up) a can of worms,299,314,open (up) a can of worms
open up (on someone or something),299,314,open up (on someone or something)
open up (to someone),299,314,open up (to someone) and open up (with someone)
open up (with someone),299,314,open up (to someone) and open up (with someone)
open with something,299,314,open with something
opening gambit,299,314,opening gambit
the opposite sex,299,314,the opposite sex
or else,299,314,or else
or words to that effect,299,314,or words to that effect
the order of the day,299,314,the order of the day
order someone about,300,315,order someone about and order someone around
order someone around,300,315,order someone about and order someone around
the other side of the tracks,300,315,the other side of the tracks
other things being equal,300,315,other things being equal
the other way round,300,315,the other way round
An ounce of prevention is worth a pound of cure.,300,315,An ounce of prevention is worth a pound of cure.
out and about,300,315,out and about
an out-and-out something,300,315,an out-and-out something
out cold,300,315,out cold and out like a light
out like a light,300,315,out cold and out like a light
out from under (something),300,315,out from under (something)
out front,300,315,out front
out in force,300,315,out in force
out in left field,300,315,out in left field
out of a clear blue sky,300,315,out of a clear blue sky and out of the blue
out of the blue,300,315,out of a clear blue sky and out of the blue
out of (all) proportion,300,315,out of (all) proportion
out of breath,300,315,out of breath
out of character,301,316,out of character 1.
out of circulation,301,316,out of circulation 1.
out of commission,301,316,out of commission 1.
out of condition,301,316,out of condition
out of consideration (for someone or something),301,316,out of consideration (for someone or something)
out of control,301,316,out of control and out of hand
out of hand,301,316,out of control and out of hand
out of courtesy (to someone),301,316,out of courtesy (to someone)
out-of-date,301,316,out-of-date
out of earshot,301,316,out of earshot
out of fashion,301,316,out of fashion
out of favor (with someone),301,316,out of favor (with someone)
out of gas,301,316,out of gas 1.
out of it,301,316,out of it
out of keeping (with something),301,316,out of keeping (with something)
out of kilter,301,316,out of kilter 1.
out of line,301,316,out of line 1.
out of line (with something),302,317,out of line (with something) 1.
out of luck,302,317,out of luck
out of necessity,302,317,out of necessity
out of one’s element,302,317,out of one’s element
out of one’s head,302,317,out of one’s head
out of one’s mind,302,317,out of one’s mind and out of one’s head;out of one’s senses
out of one’s senses,302,317,out of one’s mind and out of one’s head;out of one’s senses
out of order,302,317,out of order 1.
out of place,302,317,out of place 1.
out-of-pocket expenses,302,317,out-of-pocket expenses
out of practice,302,317,out of practice
out of print,302,317,out of print
out of reach,302,317,out of reach 1.
out of season,302,317,out of season 1.
out of service,302,317,out of service
out of shape,303,318,out of shape and out of condition
out of sight,303,318,out of sight 1.
"Out of sight, out of mind.",303,318,"Out of sight, out of mind."
out of sorts,303,318,out of sorts
out of spite,303,318,out of spite
out of step (with someone or something),303,318,out of step (with someone or something) 1.and out of time (with someone or something)
out of time (with someone or something),303,318,out of step (with someone or something) 1.and out of time (with someone or something)
out of stock,303,318,out of stock
out of style,303,318,out of style and out of fashion
out of the corner of one’s eye,303,318,out of the corner of one’s eye
out of the frying pan into the fire,303,318,out of the frying pan into the fire
out of the hole,303,318,out of the hole
out of the ordinary,303,318,out of the ordinary
out of the question,303,318,out of the question
out of the red,303,318,out of the red
out of the running,303,318,out of the running
out of the swim of things,304,319,out of the swim of things
out-of-the-way,304,319,out-of-the-way
out of the woods,304,319,out of the woods
out of thin air,304,319,out of thin air
out of this world,304,319,out of this world
out of touch (with someone or something),304,319,out of touch (with someone or something) 1.
out of town,304,319,out of town
out of tune (with someone or something),304,319,out of tune (with someone or something) 1.
out of turn,304,319,out of turn
out of w(h)ack,304,319,out of w(h)ack 1.
out of work,304,319,out of work
out on a limb,304,319,out on a limb
out on bail,304,319,out on bail
out on parole,304,319,out on parole
(out) on patrol,304,319,(out) on patrol
out on the town,304,319,out on the town
out to lunch,305,320,out to lunch 1.
out West,305,320,out West
outgrow something,305,320,outgrow something 1.
outguess someone,305,320,outguess someone
outside of something,305,320,outside of something
outside the box,305,320,outside the box 1.
over again,305,320,over again
over and above something,305,320,over and above something
over and done with,305,320,over and done with
over and over (again),305,320,over and over (again)
over my dead body,305,320,over my dead body
over someone’s head,305,320,over someone’s head
over the hill,305,320,over the hill
over the hump,305,320,over the hump
over the long haul,305,320,over the long haul
over there,305,320,over there
over the short haul,305,320,over the short haul
over the top,306,321,over the top 1.
over with,306,321,over with
owing to,306,321,owing to
own up (to something),306,321,own up (to something)
pack a punch,307,322,pack a punch
pack a wallop,307,322,pack a wallop and pack a punch
a pack of lies,307,322,a pack of lies
pack them in,307,322,pack them in
packed (in) like sardines,307,322,packed (in) like sardines
pad the bill,307,322,pad the bill
paddle one’s own canoe,307,322,paddle one’s own canoe
a pain in the neck,307,322,a pain in the neck
paint the town red,307,322,paint the town red
pal around (with someone),307,322,pal around (with someone)
pale around the gills,307,322,pale around the gills and blue around the gills; green around the gills
pale as death,307,322,pale as death
palm something off (on someone),307,322,palm something off (on someone)
pan out,307,322,pan out
paper over the cracks (in something),307,322,paper over the cracks (in something)
par for the course,307,322,par for the course
a paradise (on earth),308,323,a paradise (on earth)
Pardon my French.,308,323,Pardon my French.
part and parcel (of something),308,323,part and parcel (of something)
part company (with someone),308,323,part company (with someone)
part someone’s hair,308,323,part someone’s hair
partake of something,308,323,partake of something
partial to someone or something,308,323,partial to someone or something
the particulars of something,308,323,the particulars of something
parting of the ways,308,323,parting of the ways
the party line,308,323,the party line
The party’s over.,308,323,The party’s over.
pass as someone or something,308,323,pass as someone or something and pass for someone or something
pass for someone or something,308,323,pass as someone or something and pass for someone or something
pass away,308,323,pass away and pass on
pass on,308,323,pass away and pass on
pass muster,308,323,pass muster
pass out,308,323,pass out
pass the buck,308,323,pass the buck
pass the hat,308,323,pass the hat
pass the time,309,324,pass the time
pass the time of day (with someone),309,324,pass the time of day (with someone)
pass through someone’s mind,309,324,pass through someone’s mind and cross someone’s mind
passport to something,309,324,passport to something
past someone’s or something’s prime,309,324,past someone’s or something’s prime
pat someone on the back,309,324,pat someone on the back and give someone a pat on the back
patch someone or something up,309,324,patch someone or something up 1.
the path of least resistance,309,324,the path of least resistance
patient as Job,309,324,patient as Job
pave the way (for someone or something),309,324,pave the way (for someone or something)
pay a call on someone,309,324,pay a call on someone
pay a king’s ransom (for something),309,324,pay a king’s ransom (for something)
pay an arm and a leg (for something),309,324,pay an arm and a leg (for something) and pay through the nose (for something)
pay through the nose (for something),309,324,pay an arm and a leg (for something) and pay through the nose (for something)
pay as you go,309,324,pay as you go 1.
pay attention (to someone or something),310,325,pay attention (to someone or something)
pay a visit to someone or something,310,325,pay a visit to someone or something
pay for something,310,325,pay for something 1.
pay homage to someone,310,325,pay homage to someone
pay in advance,310,325,pay in advance
pay lip service (to something),310,325,pay lip service (to something)
pay one’s debt (to society),310,325,pay one’s debt (to society)
pay one’s dues,310,325,pay one’s dues
pay one’s last respects,310,325,pay one’s last respects
pay someone a back-handed compliment,310,325,pay someone a back-handed compliment and pay someone a left-handed compliment
pay someone a left-handed compliment,310,325,pay someone a back-handed compliment and pay someone a left-handed compliment
pay someone a compliment,310,325,pay someone a compliment
pay (someone or something) a visit,310,325,pay (someone or something) a visit and pay a visit to someone or something
pay someone or something off,310,325,pay someone or something off 1.
pay someone respect,310,325,pay someone respect
pay someone’s (own) way,310,325,pay someone’s (own) way
pay the piper,310,325,pay the piper
pay to do something,311,326,pay to do something
pay up,311,326,pay up
peg away (at something),311,326,peg away (at something)
peg someone as something,311,326,peg someone as something and have someone pegged as something
penny-wise and pound-foolish,311,326,penny-wise and pound-foolish
pep someone or something up,311,326,pep someone or something up
Perish the thought.,311,326,Perish the thought.
perk someone or something up,311,326,perk someone or something up
persist in doing something,311,326,persist in doing something
persist with something,311,326,persist with something
perspective on something,311,326,perspective on something
peter out,311,326,peter out
phony as a three-dollar bill,311,326,phony as a three-dollar bill
pick a fight with someone,311,326,pick a fight with someone
pick a lock,311,326,pick a lock
pick and choose,312,327,pick and choose
pick a quarrel (with someone),312,327,pick a quarrel (with someone) and pick a fight with someone
pick at someone or something,312,327,pick at someone or something 1.
pick holes in something,312,327,pick holes in something and pick something to pieces
pick something to pieces,312,327,pick holes in something and pick something to pieces
the pick of something,312,327,the pick of something
pick one’s way through something,312,327,pick one’s way through something and make one’s way through something
pick on somebody your own size,312,327,pick on somebody your own size
pick on someone or something,312,327,pick on someone or something
pick on someone your own size,312,327,pick on someone your own size and pick on somebody your own size
pick someone or something off,312,327,pick someone or something off
pick someone or something up,312,327,pick someone or something up 1.
pick someone’s brain(s),313,328,pick someone’s brain(s)
pick something over,313,328,pick something over
pick up,313,328,pick up 1.
pick up the check,313,328,pick up the check
pick up the tab,313,328,pick up the tab and pick up the check
picked over,313,328,picked over
the picture of something,313,328,the picture of something
pie in the sky,313,328,pie in the sky
piece of cake,313,328,piece of cake
a piece of the action,313,328,a piece of the action
a piercing scream,313,328,a piercing scream
pile in(to something),313,328,pile in(to something)
pile out (of something),313,328,pile out (of something)
pile something up,313,328,pile something up
pile up,313,328,pile up
a pillar of strength,313,328,a pillar of strength and
a pillar of support,313,328,a pillar of support
pin one’s faith on someone or something,313,328,pin one’s faith on someone or something and pin one’s hope(s) on someone or something
pin one’s hope(s) on someone or something,313,328,pin one’s faith on someone or something and pin one’s hope(s) on someone or something
pin someone down,314,329,pin someone down
pin someone down (on something),314,329,pin someone down (on something)
pin someone’s ears back,314,329,pin someone’s ears back
pin something on someone,314,329,pin something on someone
pinch-hit (for someone),314,329,pinch-hit (for someone)
pins and needles,314,329,pins and needles
pipe down,314,329,pipe down
a pipe dream,314,329,a pipe dream
pipe up with something,314,329,pipe up with something
piping hot,314,329,piping hot
pique someone’s curiosity,314,329,pique someone’s curiosity and pique someone’s interest
pique someone’s interest,314,329,pique someone’s curiosity and pique someone’s interest
pit someone or something against someone or something,314,329,pit someone or something against someone or something
pitch a tent,314,329,pitch a tent
pitch-black,314,329,pitch-black
pitch camp,314,329,pitch camp
pitch-dark,314,329,pitch-dark
pitch in (and help),314,329,pitch in (and help)
pitch someone a curve (ball),315,330,pitch someone a curve (ball)
the pits,315,330,the pits
place an order,315,330,place an order
place someone,315,330,place someone
place the blame on someone or something,315,330,place the blame on someone or something
a place to call one’s own,315,330,a place to call one’s own
a place to hang one’s hat,315,330,a place to hang one’s hat
plain and simple,315,330,plain and simple
plain as a pikestaff,315,330,plain as a pikestaff
plain as day,315,330,plain as day
plain as the nose on one’s face,315,330,plain as the nose on one’s face
play about (with someone or something),315,330,play about (with someone or something)
play a joke on someone,315,330,play a joke on someone
play along with someone or something,315,330,play along with someone or something
play around (with someone or something),315,330,play around (with someone or something) and play about (with someone or something)
play a trick on someone,315,330,play a trick on someone
play ball (with someone),315,330,play ball (with someone)
play both ends (against the middle),315,330,play both ends (against the middle)
play by ear,315,330,play by ear
a play-by-play description,315,330,a play-by-play description
play cat and mouse (with someone),316,331,play cat and mouse (with someone)
play dumb,316,331,play dumb
play fair,316,331,play fair
play fast and loose (with someone or something),316,331,play fast and loose (with someone or something)
play first chair,316,331,play first chair 1.
play footsie (with someone),316,331,play footsie (with someone) 1.
play for keeps,316,331,play for keeps
play hard to get,316,331,play hard to get
play havoc with someone or something,316,331,play havoc with someone or something
play hob with someone or something,316,331,play hob with someone or something
play hooky,316,331,play hooky
play ignorant,316,331,play ignorant and play dumb
play innocent,316,331,play innocent
play into someone’s hands,316,331,play into someone’s hands
play it cool,316,331,play it cool
play it safe,316,331,play it safe
play one’s cards close to one’s vest,316,331,play one’s cards close to one’s vest
play one’s cards close to the chest,316,331,play one’s cards close to the chest and play one’s cards close to one’s vest;keep one’s cards close to one’s chest;
play one’s cards right,317,332,play one’s cards right and play one’s cards well
play one’s cards well,317,332,play one’s cards right and play one’s cards well
play one’s trump card,317,332,play one’s trump card
play on something,317,332,play on something
play politics,317,332,play politics 1.
play possum,317,332,play possum
play second fiddle (to someone),317,332,play second fiddle (to someone)
play someone for something,317,332,play someone for something
play someone off against someone else,317,332,play someone off against someone else
play someone or something down,317,332,play someone or something down
play someone or something up,317,332,play someone or something up
play something by ear,317,332,play something by ear 1.
play (the) devil’s advocate,317,332,play (the) devil’s advocate
play the field,318,333,play the field
play the fool,318,333,play the fool
play the market,318,333,play the market
play to the gallery,318,333,play to the gallery
play tricks (on someone),318,333,play tricks (on someone)
play up to someone,318,333,play up to someone
play with fire,318,333,play with fire
played out,318,333,played out
pleased as punch,318,333,pleased as punch
plenty of something,318,333,plenty of something
The plot thickens.,318,333,The plot thickens.
plow into someone or something,318,333,plow into someone or something
plow through something,318,333,plow through something
pluck up one’s courage,318,333,pluck up one’s courage
plug away (at something),318,333,plug away (at something) and peg away (at something)
plug something in,318,333,plug something in
plug something up,318,333,plug something up
plumb loco,319,334,plumb loco
poetic justice,319,334,poetic justice
point of view,319,334,point of view
point someone or something out,319,334,point someone or something out
point something up,319,334,point something up
point the finger at someone,319,334,point the finger at someone
poised for something,319,334,poised for something
poised to do something,319,334,poised to do something
poke about,319,334,poke about and poke around
poke around,319,334,poke about and poke around
poke fun (at someone),319,334,poke fun (at someone)
poke one’s nose in(to something),319,334,poke one’s nose in(to something) and stick one’s nose in(to something)
stick one’s nose in(to something),319,334,poke one’s nose in(to something) and stick one’s nose in(to something)
poles apart,319,334,poles apart
polish something off,319,334,polish something off
poop out,319,334,poop out
pooped out,319,334,pooped out
poor as a church mouse,319,334,poor as a church mouse
poor but clean,319,334,poor but clean
pop off,320,335,pop off
pop one’s cork,320,335,pop one’s cork 1.
pop the question,320,335,pop the question
pop up,320,335,pop up 1.
a portent of things to come,320,335,a portent of things to come
pose a question,320,335,pose a question
pose as someone,320,335,pose as someone
possessed by something,320,335,possessed by something
possessed of something,320,335,possessed of something
postage and handling,320,335,postage and handling
the pot calling the kettle black,320,335,the pot calling the kettle black
pound a beat,320,335,pound a beat
pound something out,320,335,pound something out 1.
pound the pavement,320,335,pound the pavement
pour cold water on something,320,335,pour cold water on something and dash cold water on something; throw cold water on something
throw cold water on something,320,335,pour cold water on something and dash cold water on something; throw cold water on something
pour money down the drain,321,336,pour money down the drain
pour oil on troubled water(s),321,336,pour oil on troubled water(s)
pour one’s heart (out to someone),321,336,pour one’s heart (out to someone)
pouring rain,321,336,pouring rain
the power behind the throne,321,336,the power behind the throne
the powers that be,321,336,the powers that be
praise someone or something to the skies,321,336,praise someone or something to the skies
preach to the converted,321,336,preach to the converted
precious few,321,336,precious few and precious little
precious little,321,336,precious few and precious little
a prelude to something,321,336,a prelude to something
press one’s luck,321,336,press one’s luck
press someone to the wall,321,336,press someone to the wall
press the panic button,321,336,press the panic button
pressed for time,321,336,pressed for time
pretty as a picture,321,336,pretty as a picture
Pretty is as pretty does.,321,336,Pretty is as pretty does.
a pretty state of affairs,321,336,a pretty state of affairs and
prevail (up)on someone,321,336,prevail (up)on someone
prick up one’s ears,321,336,prick up one’s ears
pride and joy,322,337,pride and joy
Pride goes before a fall.,322,337,Pride goes before a fall.
pride oneself in something,322,337,pride oneself in something
pride oneself on something,322,337,pride oneself on something and pride oneself in something
prime mover,322,337,prime mover
privy to something,322,337,privy to something
promise someone the moon,322,337,promise someone the moon
promise the moon (to someone),322,337,promise the moon (to someone) and promise someone the moon
prone to something,322,337,prone to something
propose a toast,322,337,propose a toast
proud as a peacock,322,337,proud as a peacock
prove to be someone or something,322,337,prove to be someone or something
provided that something is so,322,337,provided that something is so
psyche out,322,337,psyche out
psyche someone out,322,337,psyche someone out 1.
psyche someone up,322,337,psyche someone up
psyched out,322,337,psyched out
psyched up (for something),322,337,psyched up (for something)
publish or perish,323,338,publish or perish
pull a boner,323,338,pull a boner
pull a fast one,323,338,pull a fast one
pull a gun (on someone),323,338,pull a gun (on someone) and pull a knife (on someone)
pull a knife (on someone),323,338,pull a gun (on someone) and pull a knife (on someone)
pull a stunt (on someone),323,338,pull a stunt (on someone) and pull a trick (on someone)
pull a trick (on someone),323,338,pull a stunt (on someone) and pull a trick (on someone)
pull oneself together,323,338,pull oneself together
pull oneself up (by one’s own bootstraps),323,338,pull oneself up (by one’s own bootstraps)
pull one’s punches,323,338,pull one’s punches 1.
pull out all the stops,323,338,pull out all the stops
pull rank (on someone),323,338,pull rank (on someone)
pull someone or something down,323,338,pull someone or something down 1.
pull someone’s leg,324,339,pull someone’s leg
pull someone’s or something’s teeth,324,339,pull someone’s or something’s teeth
pull someone through (something),324,339,pull someone through (something)
pull something off,324,339,pull something off
pull something on someone,324,339,pull something on someone
pull something out of a hat,324,339,pull something out of a hat and pull something out of thin air
pull something out of thin air,324,339,pull something out of a hat and pull something out of thin air
pull something together,324,339,pull something together
pull strings,324,339,pull strings
pull the plug (on someone or something),324,339,pull the plug (on someone or something) 1.
pull the rug out (from under someone),324,339,pull the rug out (from under someone)
pull the wool over someone’s eyes,324,339,pull the wool over someone’s eyes
pull through,324,339,pull through
pull up stakes,324,339,pull up stakes
punch a hole in something,324,339,punch a hole in something
pure and simple,324,339,pure and simple and plain and simple
pure as the driven snow,325,340,pure as the driven snow
push off,325,340,push off
push one’s luck,325,340,push one’s luck and press one’s luck
push someone to the wall,325,340,push someone to the wall and press someone to the wall
push the panic button,325,340,push the panic button and press the panic button
pushing up daisies,325,340,pushing up daisies
put a bee in someone’s bonnet,325,340,put a bee in someone’s bonnet
put a cap on something,325,340,put a cap on something
put a hold on something,325,340,put a hold on something
put all one’s eggs in one basket,325,340,put all one’s eggs in one basket
put an end to something,325,340,put an end to something
put a spin on something,325,340,put a spin on something
put a stop to something,325,340,put a stop to something and put an end to something
put ideas into someone’s head,325,340,put ideas into someone’s head
put in a good word (for someone),325,340,put in a good word (for someone)
put in an appearance,325,340,put in an appearance
put off by someone or something,325,340,put off by someone or something
put on,325,340,put on
put on a brave face,325,340,put on a brave face
put on a (brave) front,326,341,put on a (brave) front
put on airs,326,341,put on airs
put on an act,326,341,put on an act
put one in one’s place,326,341,put one in one’s place
put one’s back (in)to something,326,341,put one’s back (in)to something 1.
put one’s best foot forward,326,341,put one’s best foot forward
put one’s cards on the table,326,341,put one’s cards on the table and lay one’s cards on the table
put (one’s) dibs on something,326,341,put (one’s) dibs on something
put oneself in someone else’s place,326,341,put oneself in someone else’s place and put oneself in someone else’s shoes
put oneself in someone else’s shoes,326,341,put oneself in someone else’s place and put oneself in someone else’s shoes
put one’s finger on something,326,341,put one’s finger on something
put one’s foot down (about something),326,341,put one’s foot down (about something)
put one’s foot in it,326,341,put one’s foot in it
put one’s foot in one’s mouth,326,341,put one’s foot in one’s mouth and put one’s foot in it; stick one’s foot in one’s mouth
stick one’s foot in one’s mouth,326,341,put one’s foot in one’s mouth and put one’s foot in it; stick one’s foot in one’s mouth
put one’s hand(s) on something,326,341,put one’s hand(s) on something
put one’s hand to the plow,326,341,put one’s hand to the plow
put one’s head on the block (for someone or something),326,341,put one’s head on the block (for someone or something)
put one’s house in order,327,342,put one’s house in order
put one’s mind to something,327,342,put one’s mind to something
put one’s nose to the grindstone,327,342,put one’s nose to the grindstone
put one’s oar in,327,342,put one’s oar in
put one’s shoulder to the wheel,327,342,put one’s shoulder to the wheel
put one’s thinking cap on,327,342,put one’s thinking cap on
put one’s two cents(‘ worth) in,327,342,put one’s two cents(‘ worth) in
put one through one’s paces,327,342,put one through one’s paces
put on the dog,327,342,put on the dog
put on the feed bag,327,342,put on the feed bag
put out (about someone or something),327,342,put out (about someone or something)
put out (some) feelers,327,342,put out (some) feelers
put someone away,327,342,put someone away 1.
put someone down as something bad,327,342,put someone down as something bad
put someone down (for something),328,343,put someone down (for something)
put someone in the picture,328,343,put someone in the picture
put someone off,328,343,put someone off 1.
put someone on,328,343,put someone on
put someone on a pedestal,328,343,put someone on a pedestal
put someone on the spot,328,343,put someone on the spot
put someone or something across,328,343,put someone or something across and get someone or something across 1.
put someone or something at someone’s disposal,328,343,put someone or something at someone’s disposal
put someone or something down,328,343,put someone or something down 1.
put someone or something off,328,343,put someone or something off 1.
put someone or something on hold,328,343,put someone or something on hold 1.
put someone or something out,329,344,put someone or something out 1.
put someone or something out of one’s mind,329,344,put someone or something out of one’s mind
put someone or something out to pasture,329,344,put someone or something out to pasture
put someone or something to bed,329,344,put someone or something to bed 1.
put someone or something to sleep,329,344,put someone or something to sleep 1.
put someone or something to the test,329,344,put someone or something to the test
put someone or something up,329,344,put someone or something up 1.
put someone’s eye out,330,345,put someone’s eye out
put someone’s nose out of joint,330,345,put someone’s nose out of joint
put someone through the wringer,330,345,put someone through the wringer
put someone to bed with a shovel,330,345,put someone to bed with a shovel
put someone to shame,330,345,put someone to shame
put someone up to something,330,345,put someone up to something
put someone wise to someone or something,330,345,put someone wise to someone or something
put some teeth into something,330,345,put some teeth into something
put something by,330,345,put something by and lay something by
put something down in black and white,330,345,put something down in black and white
put something down to something,330,345,put something down to something and set something down to something
set something down to something,330,345,put something down to something and set something down to something
put something forward,330,345,put something forward
put something in,330,345,put something in 1.
put something in mothballs,330,345,put something in mothballs
put something into practice,330,345,put something into practice
put something into print,330,345,put something into print
put something into words,331,346,put something into words
put something off,331,346,put something off
put something on,331,346,put something on
put something on ice,331,346,put something on ice and put something on the back burner
put something on the back burner,331,346,put something on ice and put something on the back burner
put something on paper,331,346,put something on paper
put something on the cuff,331,346,put something on the cuff
put something on the line,331,346,put something on the line and lay something on the line
put something over,331,346,put something over
put something over (on someone),331,346,put something over (on someone)
put something plainly,331,346,put something plainly
put something right,331,346,put something right
put something straight,331,346,put something straight and set something straight
set something straight,331,346,put something straight and set something straight
put something through its paces,331,346,put something through its paces
put something together,331,346,put something together
put something to (good) use,331,346,put something to (good) use
put something to rest,331,346,put something to rest and lay something to rest
Put that in your pipe and smoke it!,331,346,Put that in your pipe and smoke it!
put the arm on someone,331,346,put the arm on someone
put the bite on someone,332,347,put the bite on someone and put the touch on someone
put the touch on someone,332,347,put the bite on someone and put the touch on someone
put the blame on someone or something,332,347,put the blame on someone or something and lay the blame on someone or something;place the blame on someone or something
put the cart before the horse,332,347,put the cart before the horse
put the clamps on (someone),332,347,put the clamps on (someone)
put the finger on someone,332,347,put the finger on someone and lay the finger on someone
put the heat on (someone),332,347,put the heat on (someone) and put the screws on (someone); put the squeeze on (someone)
put the screws on (someone),332,347,put the heat on (someone) and put the screws on (someone); put the squeeze on (someone)
put the squeeze on (someone),332,347,put the heat on (someone) and put the screws on (someone); put the squeeze on (someone)
put the kibosh on something,332,347,put the kibosh on something
put the skids on (something),332,347,put the skids on (something)
put to it,332,347,put to it
put two and two together,332,347,put two and two together
put up a (brave) front,332,347,put up a (brave) front and put on a (brave) front
put upon by someone,332,347,put upon by someone
Put up or shut up!,332,347,Put up or shut up! 1.
put up with someone or something,333,348,put up with someone or something
put weight on,333,348,put weight on
put words into someone’s mouth,333,348,put words into someone’s mouth
Put your money where your mouth is!,333,348,Put your money where your mouth is!
putty in someone’s hands,333,348,putty in someone’s hands
puzzle something out,333,348,puzzle something out
quake in one’s boots,334,349,quake in one’s boots
queer as a three-dollar bill,334,349,queer as a three-dollar bill
quick and dirty,334,349,quick and dirty
quick as a flash,334,349,quick as a flash
quick as a wink,334,349,quick as a wink
quick as greased lightning,334,349,quick as greased lightning
quick on the draw,334,349,quick on the draw
quick on the trigger,334,349,quick on the trigger and quick on the draw 1.
quick on the uptake,334,349,quick on the uptake
quiet as a mouse,334,349,quiet as a mouse
quiet as the grave,334,349,quiet as the grave
quite a bit,334,349,quite a bit and quite a few; quite a little; quite a lot; quite a number
quite a few,334,349,quite a bit and quite a few; quite a little; quite a lot; quite a number
quite a little,334,349,quite a bit and quite a few; quite a little; quite a lot; quite a number
quite a lot,334,349,quite a bit and quite a few; quite a little; quite a lot; quite a number
quite a number,334,349,quite a bit and quite a few; quite a little; quite a lot; quite a number
quite a something,334,349,quite a something
quote a price,334,349,quote a price
race against time,335,350,race against time 1.
rack one’s brain(s),335,350,rack one’s brain(s)
racked with pain,335,350,racked with pain
rail at someone (about something),335,350,rail at someone (about something)
rain cats and dogs,335,350,rain cats and dogs
rain on someone’s parade,335,350,rain on someone’s parade
rain or shine,335,350,rain or shine
rain something out,335,350,rain something out
raise (an) objection (to someone or something),335,350,raise (an) objection (to someone or something)
raise cain (with someone or something),335,350,raise cain (with someone or something)
raise havoc with someone or something,335,350,raise havoc with someone or something and play havoc with someone or something
raise hell (with someone or something),335,350,raise hell (with someone or something)
raise hob with someone or something,335,350,raise hob with someone or something and play hob with someone or something
raise one’s sights,335,350,raise one’s sights
raise one’s voice (to someone),336,351,raise one’s voice (to someone)
raise some eyebrows,336,351,raise some eyebrows
raise the devil (with someone or something),336,351,raise the devil (with someone or something) and raise hell (with someone or something); raise cain (with someone or something); raise the dickens (with someone or something)
raise the dickens (with someone or something),336,351,raise the devil (with someone or something) and raise hell (with someone or something); raise cain (with someone or something); raise the dickens (with someone or something)
raised in a barn,336,351,raised in a barn
rake someone over the coals,336,351,rake someone over the coals and haul someone over the coals
rake something off,336,351,rake something off
rake something up,336,351,rake something up and dredge something up
rally (a)round someone or something,336,351,rally (a)round someone or something
ram someone or something down someone’s throat,336,351,ram someone or something down someone’s throat
ramble on (about someone or something),336,351,ramble on (about someone or something)
rank and file,336,351,rank and file 1.
rant and rave (about someone or something),336,351,rant and rave (about someone or something)
rant (at someone) about someone or something,336,351,rant (at someone) about someone or something
rap someone’s knuckles,336,351,rap someone’s knuckles
rap with someone,336,351,rap with someone
rarin’ to go,337,352,rarin’ to go
rat on someone,337,352,rat on someone
rat race,337,352,rat race
rate with someone,337,352,rate with someone
rattle something off,337,352,rattle something off and reel something off
reel something off,337,352,rattle something off and reel something off
ravished with delight,337,352,ravished with delight
reach a compromise,337,352,reach a compromise
reach an agreement,337,352,reach an agreement
reach an impasse,337,352,reach an impasse
reach for the sky,337,352,reach for the sky 1.
reach one’s stride,337,352,reach one’s stride and hit one’s stride
read between the lines,337,352,read between the lines
read one one’s rights,337,352,read one one’s rights
read someone like a(n open) book,337,352,read someone like a(n open) book
read someone out of something,337,352,read someone out of something
read someone’s mind,337,352,read someone’s mind
read someone the riot act,338,353,read someone the riot act
read something into something,338,353,read something into something
read something over,338,353,read something over
read something through,338,353,read something through
read the handwriting on the wall,338,353,read the handwriting on the wall
read up (on someone or something),338,353,read up (on someone or something)
ready to do something,338,353,ready to do something
"ready, willing, and able",338,353,"ready, willing, and able"
the real thing,338,353,the real thing
the reality of the situation,338,353,the reality of the situation
rear its ugly head,338,353,rear its ugly head
receive someone with open arms,338,353,receive someone with open arms and welcome someone with open arms
welcome someone with open arms,338,353,receive someone with open arms and welcome someone with open arms
reckon with someone or something,338,353,reckon with someone or something
recognize one for what one is,338,353,recognize one for what one is
recognize something for what it is,338,353,recognize something for what it is and recognize one for what one is
reconcile oneself to something,338,353,reconcile oneself to something
red as a cherry,338,353,red as a cherry
red as a poppy,338,353,red as a poppy
red as a rose,338,353,red as a rose
red as a ruby,338,353,red as a ruby
red as blood,338,353,red as blood
red herring,338,353,red herring
red in the face,339,354,red in the face
red tape,339,354,red tape
reduced to something,339,354,reduced to something
refill a prescription,339,354,refill a prescription
regain one’s composure,339,354,regain one’s composure
regain one’s feet,339,354,regain one’s feet 1.
regardless of something,339,354,regardless of something
regular as clockwork,339,354,regular as clockwork
relative to someone or something,339,354,relative to someone or something 1.
reliance on someone or something,339,354,reliance on someone or something
religious about doing something,339,354,religious about doing something
reluctance to do something,339,354,reluctance to do something
reminiscent of someone or something,339,354,reminiscent of someone or something
reputed to be something,339,354,reputed to be something and reputed to do something; reputed to have something
reputed to do something,339,354,reputed to be something and reputed to do something; reputed to have something
reputed to have something,339,354,reputed to be something and reputed to do something; reputed to have something
resign oneself to something,340,355,resign oneself to something
resonate with someone,340,355,resonate with someone
the responsible party,340,355,the responsible party
rest assured,340,355,rest assured
rest in peace,340,355,rest in peace
rest on one’s laurels,340,355,rest on one’s laurels
result in something,340,355,result in something
return someone’s compliment,340,355,return someone’s compliment
return the compliment,340,355,return the compliment and return someone’s compliment
return the favor,340,355,return the favor
rev something up,340,355,rev something up
rich in something,340,355,rich in something
rich with something,340,355,rich with something
ride herd on someone or something,340,355,ride herd on someone or something
ride off in all directions,340,355,ride off in all directions
ride on someone’s coattails,340,355,ride on someone’s coattails and hang on someone’s coattails
ride roughshod over someone or something,340,355,ride roughshod over someone or something
ride something out,341,356,ride something out
ride the gravy train,341,356,ride the gravy train
riding for a fall,341,356,riding for a fall
right and left,341,356,right and left and left and right
right as rain,341,356,right as rain
right at a specific time,341,356,right at a specific time
right away,341,356,right away
right down someone’s alley,341,356,right down someone’s alley and right up someone’s alley
right up someone’s alley,341,356,right down someone’s alley and right up someone’s alley
right off the bat,341,356,right off the bat
right on time,341,356,right on time
right side up,341,356,right side up
(right) under someone’s (very) nose,341,356,(right) under someone’s (very) nose 1.
ring a bell,341,356,ring a bell
ring down the curtain (on something),341,356,ring down the curtain (on something) and bring down the curtain (on something)
ring in the New Year,341,356,ring in the New Year
ring something up,341,356,ring something up
ring true,341,356,ring true
rip into someone or something,341,356,rip into someone or something
rip someone or something off,342,357,rip someone or something off 1.
a ripe old age,342,357,a ripe old age
a ripple of excitement,342,357,a ripple of excitement
a ripple of protest,342,357,a ripple of protest
Rise and shine!,342,357,Rise and shine!
rise to the bait,342,357,rise to the bait
rise to the occasion,342,357,rise to the occasion
risk of rain,342,357,risk of rain and risk of showers; risk of thunder(storms)
risk of showers,342,357,risk of rain and risk of showers; risk of thunder(storms)
risk of thunder(storms),342,357,risk of rain and risk of showers; risk of thunder(storms)
risk one’s neck (to do something),342,357,risk one’s neck (to do something)
rivet someone’s attention,342,357,rivet someone’s attention
road-hog,342,357,road-hog
rob Peter to pay Paul,342,357,rob Peter to pay Paul
rob the cradle,342,357,rob the cradle
rock the boat,342,357,rock the boat
roll in,342,357,roll in
roll one’s sleeves up,342,357,roll one’s sleeves up
roll out the red carpet for someone,343,358,roll out the red carpet for someone
roll (over) in one’s grave,343,358,roll (over) in one’s grave
roll something back,343,358,roll something back
rolling in something,343,358,rolling in something
Rome wasn’t built in a day.,343,358,Rome wasn’t built in a day.
room and board,343,358,room and board
root for someone or something,343,358,root for someone or something
root something out,343,358,root something out
rooted in something,343,358,rooted in something
rooted to the spot,343,358,rooted to the spot
rope someone into doing something,343,358,rope someone into doing something
rotten to the core,343,358,rotten to the core
rough-and-ready,343,358,rough-and-ready
rough-and-tumble,343,358,rough-and-tumble
rough it,343,358,rough it
rough someone up,344,359,rough someone up
round out something,344,359,round out something
round something off,344,359,round something off 1.
round something off to something,344,359,round something off to something and round something up to something; round something down to something
round something up to something,344,359,round something off to something and round something up to something; round something down to something
round something down to something,344,359,round something off to something and round something up to something; round something down to something
round the clock,344,359,round the clock
round-trip ticket,344,359,round-trip ticket
the royal treatment,344,359,the royal treatment
rub elbows (with someone),344,359,rub elbows (with someone) and rub shoulders with someone
rub shoulders with someone,344,359,rub elbows (with someone) and rub shoulders with someone
rub off (on someone),344,359,rub off (on someone)
rub salt in the wound,344,359,rub salt in the wound
rub someone out,344,359,rub someone out
rub someone (‘s fur) the wrong way,344,359,rub someone (‘s fur) the wrong way
rub someone’s nose in it,344,359,rub someone’s nose in it
rub something in,344,359,rub something in
ruffle its feathers,344,359,ruffle its feathers
ruffle someone’s feathers,344,359,ruffle someone’s feathers
the ruin of someone or something,345,360,the ruin of someone or something
a rule of thumb,345,360,a rule of thumb
rule someone or something out,345,360,rule someone or something out
rule the roost,345,360,rule the roost
rump session,345,360,rump session
run a fever,345,360,run a fever and run a temperature
run a temperature,345,360,run a fever and run a temperature
run after someone,345,360,run after someone
run an errand,345,360,run an errand and do an errand; go on an errand
run a risk (of something),345,360,run a risk (of something) and run the risk (of something)
run the risk (of something),345,360,run a risk (of something) and run the risk (of something)
run (around) in circles,345,360,run (around) in circles
run around like a chicken with its head cut off,345,360,run around like a chicken with its head cut off and run (around) in circles
run around with someone,345,360,run around with someone
run a taut ship,345,360,run a taut ship
run a tight ship,345,360,run a tight ship and run a taut ship
run circles around someone,345,360,run circles around someone and run rings around someone
run rings around someone,345,360,run circles around someone and run rings around someone
run counter to something,345,360,run counter to something
run for it,345,360,run for it
run for one’s life,345,360,run for one’s life
run in the family,346,361,run in the family
run into a stone wall,346,361,run into a stone wall
run like clockwork,346,361,run like clockwork
run low (on something),346,361,run low (on something)
run off at the mouth,346,361,run off at the mouth
run off with someone or something,346,361,run off with someone or something 1.
run-of-the-mill,346,361,run-of-the-mill
run out of gas,346,361,run out of gas
run out of patience,346,361,run out of patience
run out of something,346,361,run out of something
run out of time,346,361,run out of time
run rampant,346,361,run rampant
run riot,346,361,run riot and run wild
run wild,346,361,run riot and run wild
run scared,346,361,run scared
run short (of something),346,361,run short (of something)
run someone in,346,361,run someone in
run someone or something down,346,361,run someone or something down 1.
run someone or something to earth,347,362,run someone or something to earth
run someone ragged,347,362,run someone ragged
run something into the ground,347,362,run something into the ground and drive something into the ground
run something up,347,362,run something up 1.
run that by (someone) again,347,362,run that by (someone) again
run the gamut,347,362,run the gamut
run the good race,347,362,run the good race
run through something,347,362,run through something 1.
run to an amount of money,347,362,run to an amount of money
run to seed,347,362,run to seed and go to seed
running high,347,362,running high
a rush on something,347,362,a rush on something
rustle something up,347,362,rustle something up
sack out,348,363,sack out
sacred cow,348,363,sacred cow
sadder but wiser,348,363,sadder but wiser
saddle someone with something,348,363,saddle someone with something
safe and sound,348,363,safe and sound
safety in numbers,348,363,safety in numbers
sage advice,348,363,sage advice
sail (right) through something,348,363,sail (right) through something
sail under false colors,348,363,sail under false colors
the salt of the earth,348,363,the salt of the earth
salt something away,348,363,salt something away
the same as someone or something,348,363,the same as someone or something
same here,349,364,same here
the same old story,349,364,the same old story
the same to you,349,364,the same to you
the sands of time,349,364,the sands of time
Save it.,349,364,Save it.
save one’s breath,349,364,save one’s breath
save (one’s) face,349,364,save (one’s) face
save someone’s neck,349,364,save someone’s neck
save someone’s skin,349,364,save someone’s skin and save someone’s neck
save something for a rainy day,349,364,save something for a rainy day
save the day,349,364,save the day
save up (for something),349,364,save up (for something)
saved by the bell,349,364,saved by the bell
saving grace,349,364,saving grace
say a mouthful,349,364,say a mouthful
say grace,349,364,say grace
say something in a roundabout way,349,364,say something in a roundabout way
say something (right) to someone’s face,349,364,say something (right) to someone’s face
say something under one’s breath,350,365,say something under one’s breath
say that something is so,350,365,say that something is so
say the word,350,365,say the word
say uncle,350,365,say uncle
scale something down,350,365,scale something down
scare someone or something up,350,365,scare someone or something up
scare someone stiff,350,365,scare someone stiff
scare the living daylights out of someone,350,365,scare the living daylights out of someone
scared silly,350,365,scared silly
scared stiff,350,365,scared stiff
school of thought,350,365,school of thought
scout around for someone or something,350,365,scout around for someone or something
scrape something together,350,365,scrape something together
scrape the bottom of the barrel,350,365,scrape the bottom of the barrel
scratch around (for something),350,365,scratch around (for something)
scratch someone’s back,350,365,scratch someone’s back
scratch the surface,351,366,scratch the surface
scream bloody murder,351,366,scream bloody murder
screw someone or something up,351,366,screw someone or something up
screw up one’s courage,351,366,screw up one’s courage
scrimp and save,351,366,scrimp and save
the seamy side of life,351,366,the seamy side of life
second nature to someone,351,366,second nature to someone
second-rate,351,366,second-rate
second to none,351,366,second to none
security against something,351,366,security against something
see about something,351,366,see about something
see a man about a dog,351,366,see a man about a dog
see double,351,366,see double
see eye to eye (with someone) (about something),351,366,see eye to eye (with someone) (about something) and see eye to eye (with someone) (on something)
see eye to eye (with someone) (on something),351,366,see eye to eye (with someone) (about something) and see eye to eye (with someone) (on something)
see fit (to do something),352,367,see fit (to do something)
see no objection (to something),352,367,see no objection (to something) and not see any objection (to something)
see one’s way clear (to do something),352,367,see one’s way clear (to do something)
see red,352,367,see red
see someone or something as something,352,367,see someone or something as something
see someone home,352,367,see someone home
see someone to somewhere,352,367,see someone to somewhere
see someone to the door,352,367,see someone to the door
see something through,352,367,see something through
see stars,352,367,see stars
see the color of someone’s money,352,367,see the color of someone’s money
see the (hand)writing on the wall,352,367,see the (hand)writing on the wall
see the last of someone or something,352,367,see the last of someone or something
see the light,352,367,see the light
see the light (at the end of the tunnel),352,367,see the light (at the end of the tunnel)
see the light (of day),352,367,see the light (of day)
see the sights,353,368,see the sights
see through someone or something,353,368,see through someone or something
see (to it) that something is done,353,368,see (to it) that something is done
see to someone or something,353,368,see to someone or something
see which way the wind is blowing,353,368,see which way the wind is blowing
seeing is believing,353,368,seeing is believing
seeing things,353,368,seeing things
seize the bull by the horns,353,368,seize the bull by the horns
seize the opportunity,353,368,seize the opportunity
seize (up)on something,353,368,seize (up)on something
sell like hotcakes,353,368,sell like hotcakes
sell someone a bill of goods,353,368,sell someone a bill of goods
sell someone down the river,353,368,sell someone down the river
sell someone on a plan or idea,353,368,sell someone on a plan or idea
sell (someone or something) out,353,368,sell (someone or something) out 1.
sell someone or something short,353,368,sell someone or something short
sell something for a song,353,368,sell something for a song
sell something off,354,369,sell something off
sell something on credit,354,369,sell something on credit
send one about one’s business,354,369,send one about one’s business
send someone into something,354,369,send someone into something
send someone off,354,369,send someone off
send someone or something up,354,369,send someone or something up
send someone (out) on an errand,354,369,send someone (out) on an errand
send someone packing,354,369,send someone packing
send someone to the showers,354,369,send someone to the showers
send someone up the river,354,369,send someone up the river
send something C.O.D.,354,369,send something C.O.D.
send up a trial balloon,354,369,send up a trial balloon
separate but equal,354,369,separate but equal
separate the men from the boys,354,369,separate the men from the boys
separate the sheep from the goats,354,369,separate the sheep from the goats
the separation of church and state,354,369,the separation of church and state
serve as a guinea pig,355,370,serve as a guinea pig
serve notice (on someone),355,370,serve notice (on someone)
serve someone right,355,370,serve someone right
serve time,355,370,serve time
set a precedent,355,370,set a precedent
set a trap,355,370,set a trap
set eyes on someone or something,355,370,set eyes on someone or something and lay eyes on someone or something
set fire to someone or something,355,370,set fire to someone or something and set someone or something on fire
set someone or something on fire,355,370,set fire to someone or something and set someone or something on fire
set foot somewhere,355,370,set foot somewhere
set forth (on something),355,370,set forth (on something) and launch forth (on something) 1.
set great store by someone or something,355,370,set great store by someone or something
set in,355,370,set in
set in one’s ways,355,370,set in one’s ways
set one back on one’s heels,355,370,set one back on one’s heels
set one’s heart against something,355,370,set one’s heart against something
heart set against something,356,371,heart set against something
set one’s heart on something,356,371,set one’s heart on something
set one’s sights on something,356,371,set one’s sights on something
set sail (for somewhere),356,371,set sail (for somewhere)
set someone back (some amount of money),356,371,set someone back (some amount of money)
set someone or something free,356,371,set someone or something free
set someone or something off,356,371,set someone or something off 1.
set someone or something straight,356,371,set someone or something straight 1.
set someone or something up,356,371,set someone or something up 1.
set someone’s teeth on edge,356,371,set someone’s teeth on edge 1.
set someone up (as something),356,371,set someone up (as something)
set someone up (in business),356,371,set someone up (in business)
set something right,357,372,set something right and put something right
set something to music,357,372,set something to music
set the stage for something,357,372,set the stage for something
set the table,357,372,set the table
set the world on fire,357,372,set the world on fire
set to do something,357,372,set to do something
set tongues (a)wagging,357,372,set tongues (a)wagging
set type,357,372,set type
set upon someone or something,357,372,set upon someone or something
set up shop somewhere,357,372,set up shop somewhere
settle a score with someone,357,372,settle a score with someone and settle the score (with someone)
settle the score (with someone),357,372,settle a score with someone and settle the score (with someone)
settle down,357,372,settle down 1.
settle for something,357,372,settle for something
settle on something,357,372,settle on something
settle someone’s affairs,357,372,settle someone’s affairs
settle (something) (out of court),357,372,settle (something) (out of court)
settle up with someone,358,373,settle up with someone
sever ties with someone,358,373,sever ties with someone
sew something up,358,373,sew something up
shack up (with someone),358,373,shack up (with someone) 1.
shades of someone or something,358,373,shades of someone or something
shadow of itself,358,373,shadow of itself
shadow of oneself,358,373,shadow of oneself and shadow of itself
shake (hands) on something,358,373,shake (hands) on something
shake hands (with someone),358,373,shake hands (with someone)
shake in one’s boots,358,373,shake in one’s boots and quake in one’s boots
shake someone or something down,358,373,shake someone or something down 1.
shake someone or something off,358,373,shake someone or something off 1.
shake someone or something up,358,373,shake someone or something up 1.
shake something off,359,374,shake something off
Shame on someone.,359,374,Shame on someone.
shape someone up,359,374,shape someone up
shape up,359,374,shape up
Shape up or ship out.,359,374,Shape up or ship out.
share and share alike,359,374,share and share alike
share someone’s pain,359,374,share someone’s pain
share someone’s sorrow,359,374,share someone’s sorrow
sharp as a razor,359,374,sharp as a razor
sharp as a tack,359,374,sharp as a tack
shed crocodile tears,359,374,shed crocodile tears and cry crocodile tears
shed (some) light on something,359,374,shed (some) light on something and throw (some) light on something
throw (some) light on something,359,374,shed (some) light on something and throw (some) light on something
shell something out,359,374,shell something out
shift for oneself,359,374,shift for oneself and fend for oneself
shine up to someone,359,374,shine up to someone
shipping and handling,359,374,shipping and handling
ships that pass in the night,359,374,ships that pass in the night
shirk one’s duty,359,374,shirk one’s duty
shook up,360,375,shook up
shoot for something,360,375,shoot for something
shoot from the hip,360,375,shoot from the hip 1.
shoot one’s mouth off,360,375,shoot one’s mouth off
shoot something out,360,375,shoot something out 1.
shoot the breeze,360,375,shoot the breeze
shoot the bull,360,375,shoot the bull
shoot the works,360,375,shoot the works
shop around (for something),360,375,shop around (for something)
short and sweet,360,375,short and sweet
short for something,360,375,short for something
short of something,360,375,short of something
a shot in the arm,360,375,a shot in the arm
a shot in the dark,360,375,a shot in the dark
shot through with something,361,376,shot through with something
shot to hell,361,376,shot to hell
a shotgun wedding,361,376,a shotgun wedding
should have stood in bed,361,376,should have stood in bed
shoulder to shoulder,361,376,shoulder to shoulder
shove one’s way somewhere,361,376,shove one’s way somewhere
shove someone or something down someone’s throat,361,376,shove someone or something down someone’s throat and ram someone or something down someone’s throat; force someone or something down someone’s throat
show-and-tell,361,376,show-and-tell
show good faith,361,376,show good faith
show off,361,376,show off
show one’s hand,361,376,show one’s hand
show one’s (true) colors,361,376,show one’s (true) colors
show one to one’s seat,361,376,show one to one’s seat
show signs of something,361,376,show signs of something
show someone or something off,361,376,show someone or something off
show someone the ropes,362,377,show someone the ropes
show someone to a seat,362,377,show someone to a seat and show one to one’s seat
show someone (to) the door,362,377,show someone (to) the door and see someone to the door
show someone up,362,377,show someone up
show someone up as something,362,377,show someone up as something
show something to good advantage,362,377,show something to good advantage
shuffle off this mortal coil,362,377,shuffle off this mortal coil
shut someone up,362,377,shut someone up
shut the door on someone or something,362,377,shut the door on someone or something and close the door on someone or something 1.
shuttle someone or something from person to person,362,377,shuttle someone or something from person to person and shuttle someone or something from place to place
shuttle someone or something from place to place,362,377,shuttle someone or something from person to person and shuttle someone or something from place to place
shy away (from someone or something),362,377,shy away (from someone or something)
sick and tired of someone or something,362,377,sick and tired of someone or something
sick as a dog,362,377,sick as a dog
sick in bed,362,377,sick in bed
side against someone,362,377,side against someone
side with someone,363,378,side with someone
sight for sore eyes,363,378,sight for sore eyes
a sign of things to come,363,378,a sign of things to come
sign one’s own death warrant,363,378,sign one’s own death warrant
sign on the dotted line,363,378,sign on the dotted line
sign on (with someone),363,378,sign on (with someone)
signal (to) someone to do something,363,378,signal (to) someone to do something
"signed, sealed, and delivered",363,378,"signed, sealed, and delivered"
silent as the dead,363,378,silent as the dead
silent as the grave,363,378,silent as the grave
silly as a goose,363,378,silly as a goose
silly season,363,378,silly season
simmer down,363,378,simmer down
since time immemorial,363,378,since time immemorial
sing a different tune,363,378,sing a different tune and sing another tune
sing another tune,363,378,sing a different tune and sing another tune
sing someone’s praises,363,378,sing someone’s praises
single file,363,378,single file
sink in,363,378,sink in
sink into despair,363,378,sink into despair
sink one’s teeth into something,364,379,sink one’s teeth into something 1.
sink or swim,364,379,sink or swim
sit around (somewhere),364,379,sit around (somewhere)
sit at someone’s feet,364,379,sit at someone’s feet
sit back and let something happen,364,379,sit back and let something happen
sit bolt upright,364,379,sit bolt upright
sit (idly) by,364,379,sit (idly) by
sit in for someone,364,379,sit in for someone
sit in (on something),364,379,sit in (on something)
sit on its hands,364,379,sit on its hands
sit on one’s hands,364,379,sit on one’s hands
sit on someone or something,364,379,sit on someone or something
sit on the fence,364,379,sit on the fence
sit something out,364,379,sit something out
sit through something,364,379,sit through something
sit tight,365,380,sit tight
sit up and take notice,365,380,sit up and take notice
sit up with someone,365,380,sit up with someone
sit with someone,365,380,sit with someone 1.
a sitting duck,365,380,a sitting duck
sitting on a powder keg,365,380,sitting on a powder keg
(sitting) on top of the world,365,380,(sitting) on top of the world
sitting pretty,365,380,sitting pretty
a sitting target,365,380,a sitting target
six of one and half a dozen of the other,365,380,six of one and half a dozen of the other
sixth sense,365,380,sixth sense
size someone or something up,365,380,size someone or something up
skate on thin ice,365,380,skate on thin ice
a skeleton in the closet,365,380,a skeleton in the closet and skeletons in the closet
skeletons in the closet,365,380,a skeleton in the closet and skeletons in the closet
skin and bones,366,381,skin and bones
skin someone alive,366,381,skin someone alive
skip out (on someone or something),366,381,skip out (on someone or something)
skip rope,366,381,skip rope
slack off,366,381,slack off 1.
slap someone down,366,381,slap someone down
slap something together,366,381,slap something together
slated for something,366,381,slated for something
slated to do something,366,381,slated to do something
a slave to something,366,381,a slave to something
sleep in,366,381,sleep in
sleep like a baby,366,381,sleep like a baby
sleep like a log,366,381,sleep like a log and sleep like a baby
sleep on something,366,381,sleep on something
sleep something off,366,381,sleep something off
sleep with someone,366,381,sleep with someone 1.
a slice of the cake,367,382,a slice of the cake
slick as a whistle,367,382,slick as a whistle
slip away,367,382,slip away and slip off; slip out
slip off,367,382,slip away and slip off; slip out
slip out,367,382,slip away and slip off; slip out
a slip of the tongue,367,382,a slip of the tongue
slip one’s mind,367,382,slip one’s mind
slip through someone’s fingers,367,382,slip through someone’s fingers
slip up,367,382,slip up
slippery as an eel,367,382,slippery as an eel
Slow and steady wins the race.,367,382,Slow and steady wins the race.
slow as molasses in January,367,382,slow as molasses in January
slow going,367,382,slow going
slow on the draw,367,382,slow on the draw 1.
slow on the uptake,367,382,slow on the uptake
slow someone or something down,367,382,slow someone or something down
slow someone or something up,367,382,slow someone or something up and slow someone or something down
slower and slower,367,382,slower and slower
slow(ly) but sure(ly),368,383,slow(ly) but sure(ly)
sly as a fox,368,383,sly as a fox
smack-dab in the middle,368,383,smack-dab in the middle
small fry,368,383,small fry 1.
small hours (of the night),368,383,small hours (of the night) and wee hours (of the night)
wee hours (of the night),368,383,small hours (of the night) and wee hours (of the night)
the small print,368,383,the small print and
small-time,368,383,small-time
smear campaign (against someone),368,383,smear campaign (against someone)
smell a rat,368,383,smell a rat
smell to high heaven,368,383,smell to high heaven
smile on someone or something,368,383,smile on someone or something
smoke and mirrors,368,383,smoke and mirrors
smoke someone or something out,368,383,smoke someone or something out
smooth as glass,368,383,smooth as glass
smooth as silk,368,383,smooth as silk
smooth something out,368,383,smooth something out
smooth something over,368,383,smooth something over and smooth something out
a snake in the grass,369,384,a snake in the grass
snap at someone,369,384,snap at someone
snap out of something,369,384,snap out of something
snap something up,369,384,snap something up 1.
sniff someone or something out,369,384,sniff someone or something out
snug as a bug in a rug,369,384,snug as a bug in a rug
so-and-so,369,384,so-and-so
So be it.,369,384,So be it.
so clean you could eat off the floor,369,384,so clean you could eat off the floor
so far as something is concerned,369,384,so far as something is concerned
"So far, so good.",369,384,"So far, so good."
So it goes.,369,384,So it goes.
so long,369,384,so long
so mad I could scream,369,384,so mad I could scream
so much for someone or something,369,384,so much for someone or something
so much the better,369,384,so much the better
so quiet you could hear a pin drop,369,384,so quiet you could hear a pin drop
so-so,369,384,so-so
so soon,370,385,so soon
so still you could hear a pin drop,370,385,so still you could hear a pin drop and so quiet you could hear a pin drop
so to speak,370,385,so to speak
soaked to the skin,370,385,soaked to the skin
sober as a judge,370,385,sober as a judge
sock something away,370,385,sock something away
soft as a baby’s bottom,370,385,soft as a baby’s bottom
soft as down,370,385,soft as down
soft as silk,370,385,soft as silk
soft as velvet,370,385,soft as velvet
soil one’s diaper(s),370,385,soil one’s diaper(s)
sold out,370,385,sold out
solid as a rock,370,385,solid as a rock
(some) new blood,370,385,(some) new blood
someone or something checks out,370,385,someone or something checks out
someone of note,370,385,someone of note
someone’s ace in the hole,370,385,someone’s ace in the hole
someone’s bread and butter,370,385,someone’s bread and butter
someone’s goose is cooked,370,385,someone’s goose is cooked
someone’s last will and testament,370,385,someone’s last will and testament
someone’s mission in life,371,386,someone’s mission in life
someone’s pet hate,371,386,someone’s pet hate
someone’s pet peeve,371,386,someone’s pet peeve
someone’s place of business,371,386,someone’s place of business
someone’s swan song,371,386,someone’s swan song
someone’s train of thought,371,386,someone’s train of thought
someone wrote the book on something,371,386,someone wrote the book on something
something about someone or something,371,386,something about someone or something
something else,371,386,something else
something else (again),371,386,something else (again)
something of the sort,371,386,something of the sort
something or other,371,386,something or other
something to that effect,371,386,something to that effect and words to that effect
words to that effect,371,386,something to that effect and words to that effect
something’s up,371,386,something’s up
(somewhere) in the neighborhood of an amount,371,386,(somewhere) in the neighborhood of an amount
somewhere to hang (up) one’s hat,371,386,somewhere to hang (up) one’s hat and
son of a bitch,372,387,son of a bitch 1.
son of a gun,372,387,son of a gun 1.
son of a sea biscuit,372,387,son of a sea biscuit
soon as possible,372,387,soon as possible
sooner or later,372,387,sooner or later
sorry,372,387,sorry
sort of something,372,387,sort of something and kind of something
sort something out,372,387,sort something out
sound as a dollar,372,387,sound as a dollar
sound as if,372,387,sound as if and sound like
sound like,372,387,sound as if and sound like
sound like a broken record,372,387,sound like a broken record
sound like something,372,387,sound like something
sound off (about something),372,387,sound off (about something)
sound someone out,372,387,sound someone out
soup something up,372,387,soup something up
sour as vinegar,372,387,sour as vinegar
sow one’s wild oats,372,387,sow one’s wild oats
spaced-out,373,388,spaced-out
spare someone something,373,388,spare someone something
speak for itself,373,388,speak for itself and speak for themselves
speak for themselves,373,388,speak for itself and speak for themselves
speak highly of someone or something,373,388,speak highly of someone or something
speak ill of someone,373,388,speak ill of someone
speak off the cuff,373,388,speak off the cuff
speak of the devil,373,388,speak of the devil
speak one’s mind,373,388,speak one’s mind
speak out of turn,373,388,speak out of turn
speak out (on something),373,388,speak out (on something)
speak the same language,373,388,speak the same language
speak up,373,388,speak up 1.
speak up for someone or something,373,388,speak up for someone or something
speak with a forked tongue,373,388,speak with a forked tongue
spell something out,373,388,spell something out 1.
spell trouble,373,388,spell trouble
spick-and-span,374,389,spick-and-span
spin a yarn,374,389,spin a yarn
spin one’s wheels,374,389,spin one’s wheels
spin something off,374,389,spin something off
spit (something) up,374,389,spit (something) up
split hairs,374,389,split hairs
split one’s sides (with laughter),374,389,split one’s sides (with laughter)
split people up,374,389,split people up
split the difference,374,389,split the difference
split up,374,389,split up
spoken for,374,389,spoken for
spook someone or something,374,389,spook someone or something
spoon-feed someone,374,389,spoon-feed someone
a sporting chance,374,389,a sporting chance
spout off (about someone or something),374,389,spout off (about someone or something)
spread like wildfire,374,389,spread like wildfire
spread oneself too thin,375,390,spread oneself too thin
spring for something,375,390,spring for something
spring something on someone,375,390,spring something on someone
spruce someone or something up,375,390,spruce someone or something up
square accounts (with someone),375,390,square accounts (with someone) 1.
square deal,375,390,square deal
square meal,375,390,square meal
square off (for something),375,390,square off (for something)
a square peg in a round hole,375,390,a square peg in a round hole
square someone or something away,375,390,square someone or something away
square up to someone or something,375,390,square up to someone or something
square up with someone,375,390,square up with someone
squared away,375,390,squared away
squeak by (someone or something),375,390,squeak by (someone or something)
squirrel something away,375,390,squirrel something away
stab someone in the back,375,390,stab someone in the back
stack something up,375,390,stack something up
stack the cards (against someone or something),376,391,stack the cards (against someone or something)
stack the deck (against someone or something),376,391,stack the deck (against someone or something) and stack the cards (against someone or something)
stake a claim (to something),376,391,stake a claim (to something)
stall someone or something off,376,391,stall someone or something off
stamp someone or something out,376,391,stamp someone or something out 1.
stand a chance,376,391,stand a chance
stand and deliver,376,391,stand and deliver
stand behind someone or something,376,391,stand behind someone or something and stand (in) back of someone or something
stand (in) back of someone or something,376,391,stand behind someone or something and stand (in) back of someone or something
stand by,376,391,stand by
stand by someone,376,391,stand by someone
stand corrected,376,391,stand corrected
stand for something,376,391,stand for something 1.
stand in awe (of someone or something),376,391,stand in awe (of someone or something)
stand in (for someone),376,391,stand in (for someone)
stand in someone’s way,377,392,stand in someone’s way
stand on ceremony,377,392,stand on ceremony
stand one’s ground,377,392,stand one’s ground and hold one’s ground
stand on one’s own two feet,377,392,stand on one’s own two feet
stand out,377,392,stand out
stand over someone,377,392,stand over someone
stand pat,377,392,stand pat
stand someone in good stead,377,392,stand someone in good stead
stand someone to a treat,377,392,stand someone to a treat
stand someone up,377,392,stand someone up
stand still for something,377,392,stand still for something and hold still for something
stand to reason,377,392,stand to reason
stand up and be counted,377,392,stand up and be counted
a standing joke,377,392,a standing joke
stark raving mad,377,392,stark raving mad
start from scratch,378,393,start from scratch
start off on the wrong foot,378,393,start off on the wrong foot
start (off) with a clean slate,378,393,start (off) with a clean slate and start (over) with a clean slate
start (over) with a clean slate,378,393,start (off) with a clean slate and start (over) with a clean slate
start someone in (as something),378,393,start someone in (as something) and start someone out (as something)
start someone out (as something),378,393,start someone in (as something) and start someone out (as something)
start something,378,393,start something
start something up,378,393,start something up
stay put,378,393,stay put
steady as a rock,378,393,steady as a rock
steal a base,378,393,steal a base
steal a march (on someone),378,393,steal a march (on someone)
steal someone’s thunder,378,393,steal someone’s thunder
steal the show,378,393,steal the show
steal the spotlight,378,393,steal the spotlight and steal the show
steamed up,378,393,steamed up
steaming (mad),378,393,steaming (mad)
steer clear (of someone or something),379,394,steer clear (of someone or something)
step-by-step,379,394,step-by-step
step down (from something),379,394,step down (from something)
step into someone’s shoes,379,394,step into someone’s shoes
step in(to the breach),379,394,step in(to the breach)
step on it,379,394,step on it
step on someone’s toes,379,394,step on someone’s toes
step on the gas,379,394,step on the gas and step on it
step out of line,379,394,step out of line
step (right) up,379,394,step (right) up
step something up,379,394,step something up
stew in one’s own juice,379,394,stew in one’s own juice
stick around,379,394,stick around
stick by someone or something,379,394,stick by someone or something and stick with someone or something
stick with someone or something,379,394,stick by someone or something and stick with someone or something
stick-in-the-mud,379,394,stick-in-the-mud
stick one’s neck out (for someone or something),379,394,stick one’s neck out (for someone or something)
stick out like a sore thumb,379,394,stick out like a sore thumb
stick someone or something up,380,395,stick someone or something up 1.
stick someone with someone or something,380,395,stick someone with someone or something
stick something out,380,395,stick something out
stick together,380,395,stick together
stick to one’s guns,380,395,stick to one’s guns
stick to one’s ribs,380,395,stick to one’s ribs
stick up for someone or something,380,395,stick up for someone or something
sticks and stones,380,395,sticks and stones
stiff as a poker,380,395,stiff as a poker
still as death,380,395,still as death
stink to high heaven,380,395,stink to high heaven and smell to high heaven
stir someone or something up,380,395,stir someone or something up 1.
stir up a hornet’s nest,380,395,stir up a hornet’s nest
stock up (on something),380,395,stock up (on something)
a stone’s throw (away) (from something),380,395,a stone’s throw (away) (from something)
stoop to doing something,380,395,stoop to doing something
stop-and-go,381,396,stop-and-go
stop at nothing,381,396,stop at nothing
stop by (somewhere),381,396,stop by (somewhere) and stop in (somewhere)
stop in (somewhere),381,396,stop by (somewhere) and stop in (somewhere)
"stop, look, and listen",381,396,"stop, look, and listen"
stop off (somewhere),381,396,stop off (somewhere)
stop over (somewhere),381,396,stop over (somewhere)
stop short of doing something,381,396,stop short of doing something
A storm is brewing.,381,396,A storm is brewing. 1.
the straight and narrow,381,396,the straight and narrow
straight as an arrow,381,396,straight as an arrow
(straight) from the horse’s mouth,381,396,(straight) from the horse’s mouth
straight from the shoulder,381,396,straight from the shoulder
straighten someone or something out,381,396,straighten someone or something out 1.
straighten someone or something up,381,396,straighten someone or something up 1.
straighten up,382,397,straighten up 1.
stranger to something or somewhere,382,397,stranger to something or somewhere
strapped (for something),382,397,strapped (for something)
stretch a point,382,397,stretch a point and stretch the point
stretch the point,382,397,stretch a point and stretch the point
stretch one’s legs,382,397,stretch one’s legs
stretch the truth,382,397,stretch the truth
(strictly) on the level,382,397,(strictly) on the level
(strictly) on the up-and-up,382,397,(strictly) on the up-and-up
strike a balance (between two or more things),382,397,strike a balance (between two or more things)
strike a bargain,382,397,strike a bargain
strike a chord (with someone),382,397,strike a chord (with someone)
strike a happy medium,382,397,strike a happy medium and hit a happy medium; find a happy medium.
find a happy medium.,382,397,strike a happy medium and hit a happy medium; find a happy medium.
strike a match,382,397,strike a match
strike a pose,382,397,strike a pose
strike a sour note,382,397,strike a sour note and hit a sour note
strike it rich,382,397,strike it rich
strike out,383,398,strike out 1.
strike out at someone or something,383,398,strike out at someone or something
strike someone as something,383,398,strike someone as something
strike someone funny,383,398,strike someone funny
strike someone out,383,398,strike someone out
strike someone’s fancy,383,398,strike someone’s fancy
strike the right note,383,398,strike the right note
strike up a conversation,383,398,strike up a conversation
strike up a friendship,383,398,strike up a friendship
strike while the iron is hot,383,398,strike while the iron is hot
string along (with someone),383,398,string along (with someone)
string something out,383,398,string something out
a stroke of luck,383,398,a stroke of luck
strong as a horse,383,398,strong as a horse
strong as a lion,383,398,strong as a lion
strong as an ox,383,398,strong as an ox
a struggle to the death,383,398,a struggle to the death
strung out,383,398,strung out 1.
stubborn as a mule,384,399,stubborn as a mule
(stuck) in a rut,384,399,(stuck) in a rut
stuck in traffic,384,399,stuck in traffic
stuck on someone or something,384,399,stuck on someone or something 1.
stuck with someone or something,384,399,stuck with someone or something
stuff and nonsense,384,399,stuff and nonsense
stuff the ballot box,384,399,stuff the ballot box
stumble across someone or something,384,399,stumble across someone or something and stumble into someone or something; stumble (up)on someone or something
stumble into someone or something,384,399,stumble across someone or something and stumble into someone or something; stumble (up)on someone or something
stumble (up)on someone or something,384,399,stumble across someone or something and stumble into someone or something; stumble (up)on someone or something
stumbling block,384,399,stumbling block
subject to something,384,399,subject to something 1.
subscribe to something,384,399,subscribe to something
such and such,384,399,such and such
such as,385,400,such as 1.
such as it is,385,400,such as it is
Such is life!,385,400,Such is life!
suck someone in,385,400,suck someone in and take someone in
take someone in,385,400,suck someone in and take someone in
suggestive of something,385,400,suggestive of something
suit oneself,385,400,suit oneself
suit someone to a T,385,400,suit someone to a T and fit someone to a T
sum and substance,385,400,sum and substance
sum something up,385,400,sum something up
Sunday-go-to-meeting clothes,385,400,Sunday-go-to-meeting clothes
supply and demand,385,400,supply and demand
supposed to do something,385,400,supposed to do something
sure as death,385,400,sure as death
surf and turf,385,400,surf and turf
the survival of the fittest,385,400,the survival of the fittest
susceptible to something,386,401,susceptible to something 1.
swallow one’s pride,386,401,swallow one’s pride
"swallow something, hook, line, and sinker",386,401,"swallow something, hook, line, and sinker"
swear by someone or something,386,401,swear by someone or something 1.
swear on a stack of Bibles,386,401,swear on a stack of Bibles and swear on one’s mother’s grave
swear on one’s mother’s grave,386,401,swear on a stack of Bibles and swear on one’s mother’s grave
sweat blood,386,401,sweat blood
sweat something out,386,401,sweat something out
sweep one off one’s feet,386,401,sweep one off one’s feet and knock one off one’s feet 1.
sweep out of somewhere,386,401,sweep out of somewhere
sweep something under the carpet,386,401,sweep something under the carpet and sweep something under the rug
sweep something under the rug,386,401,sweep something under the carpet and sweep something under the rug
sweet and low,386,401,sweet and low
sweet and sour,386,401,sweet and sour
sweet as honey,386,401,sweet as honey
sweet as sugar,386,401,sweet as sugar
sweet nothings,387,402,sweet nothings
sweet on someone,387,402,sweet on someone
sweet-talk someone,387,402,sweet-talk someone
swift and sure,387,402,swift and sure
swift as an arrow,387,402,swift as an arrow
swift as the wind,387,402,swift as the wind
swift as thought,387,402,swift as thought
swim against the current,387,402,swim against the current
swim against the tide,387,402,swim against the tide and swim against the current
swing something,387,402,swing something
table the motion,388,403,table the motion
tag along,388,403,tag along
the tail wagging the dog,388,403,the tail wagging the dog
take a backseat (to someone),388,403,take a backseat (to someone)
take a bath,388,403,take a bath
take a bath (on something),388,403,take a bath (on something)
take a bow,388,403,take a bow
take a break,388,403,take a break and take one’s break
take one’s break,388,403,take a break and take one’s break
take a chance,388,403,take a chance and take a risk
take a risk,388,403,take a chance and take a risk
take a course (in something),388,403,take a course (in something)
take a crack at something,388,403,take a crack at something
take a dig at someone,388,403,take a dig at someone and take digs at someone
take digs at someone,388,403,take a dig at someone and take digs at someone
take a dim view of something,388,403,take a dim view of something
take advantage of someone or something,388,403,take advantage of someone or something 1.
take a fancy to someone or something,389,404,take a fancy to someone or something and take a liking to someone or something; take a shine to someone or something
take a liking to someone or something,389,404,take a fancy to someone or something and take a liking to someone or something; take a shine to someone or something
take a shine to someone or something,389,404,take a fancy to someone or something and take a liking to someone or something; take a shine to someone or something
take after someone,389,404,take after someone
take a gander (at someone or something),389,404,take a gander (at someone or something)
take a hand in something,389,404,take a hand in something
take a hard line (with someone),389,404,take a hard line (with someone)
take a hint,389,404,take a hint
take (a)hold of someone or something,389,404,take (a)hold of someone or something and get (a)hold of someone or something
take aim (at someone or something),389,404,take aim (at someone or something) 1.
take a leaf out of someone’s book,389,404,take a leaf out of someone’s book
Take a long walk off a short pier.,389,404,Take a long walk off a short pier. and Go play in the traffic.
Go play in the traffic.,389,404,Take a long walk off a short pier. and Go play in the traffic.
take a look (at someone or something),389,404,take a look (at someone or something)
take a look for someone or something,389,404,take a look for someone or something and have a look for someone or something
take a nap,389,404,take a nap
take a new turn,389,404,take a new turn
take an interest (in something),390,405,take an interest (in something)
take an oath,390,405,take an oath
take a potshot at someone or something,390,405,take a potshot at someone or something
take a powder,390,405,take a powder
take a punch at someone,390,405,take a punch at someone
take a shower,390,405,take a shower and take a bath
take a spill,390,405,take a spill
take a stab at something,390,405,take a stab at something
take a stand (against someone or something),390,405,take a stand (against someone or something)
take a toll,390,405,take a toll
take a try at something,390,405,take a try at something and take a shot at something; take a stab at something; take a whack at something
take a whack at something,390,405,take a try at something and take a shot at something; take a stab at something; take a whack at something
take attendance,390,405,take attendance
take a turn for the better,390,405,take a turn for the better
take a turn for the worse,390,405,take a turn for the worse
take a vacation,390,405,take a vacation
take a whack at someone or something,391,406,take a whack at someone or something 1.
take care of someone or something,391,406,take care of someone or something 1.
take charge (of someone or something),391,406,take charge (of someone or something)
take exception (to something),391,406,take exception (to something)
take five,391,406,take five
take (great) pains (to do something),391,406,take (great) pains (to do something)
take heart,391,406,take heart
take heed,391,406,take heed
take ill,391,406,take ill
take inventory,391,406,take inventory
take issue (with someone),391,406,take issue (with someone)
take it away,391,406,take it away
Take it easy.,391,406,Take it easy.
take it easy (on someone or something),391,406,take it easy (on someone or something) 1.
take it on the chin,391,406,take it on the chin
take it or leave it,392,407,take it or leave it
take it slow,392,407,take it slow
take it to one’s grave,392,407,take it to one’s grave
take it (up)on oneself (to do something),392,407,take it (up)on oneself (to do something)
take kindly to something,392,407,take kindly to something
take leave of one’s senses,392,407,take leave of one’s senses
take liberties with someone or something,392,407,take liberties with someone or something and make free with someone or something
take no stock in something,392,407,take no stock in something and not take stock in something
take note (of something),392,407,take note (of something)
take notice (of something),392,407,take notice (of something)
take off,392,407,take off 1.
take off (after someone or something),392,407,take off (after someone or something) and take out (after someone or something)
take out (after someone or something),392,407,take off (after someone or something) and take out (after someone or something)
take offense (at someone or something),392,407,take offense (at someone or something)
take off (from work),392,407,take off (from work)
take office,392,407,take office
take off one’s hat (to someone),392,407,take off one’s hat (to someone)
take off (on something),392,407,take off (on something) and launch forth (on something)
take one at one’s word,393,408,take one at one’s word
take one’s cue from someone,393,408,take one’s cue from someone
take (one’s) leave (of someone),393,408,take (one’s) leave (of someone)
take one’s medicine,393,408,take one’s medicine
take one’s own life,393,408,take one’s own life
take one’s time,393,408,take one’s time
take out a loan,393,408,take out a loan
take over,393,408,take over
take part (in something),393,408,take part (in something)
take pity (on someone or something),393,408,take pity (on someone or something)
take place,393,408,take place
take pride in something,393,408,take pride in something
take root,393,408,take root
take shape,393,408,take shape
take sick,393,408,take sick and take ill
take sides,393,408,take sides
take someone apart,393,408,take someone apart
take someone by surprise,394,409,take someone by surprise
take someone down a notch (or two),394,409,take someone down a notch (or two)
take someone down a peg (or two),394,409,take someone down a peg (or two) and take someone down a notch (or two)
take someone for a fool,394,409,take someone for a fool
take someone for an idiot,394,409,take someone for an idiot and take someone for a fool
take someone for a ride,394,409,take someone for a ride
take someone for someone or something,394,409,take someone for someone or something
take someone hostage,394,409,take someone hostage
take someone into one’s confidence,394,409,take someone into one’s confidence
take someone or something at face value,394,409,take someone or something at face value
take someone or something away,394,409,take someone or something away
take someone or something by storm,394,409,take someone or something by storm
take someone or something by surprise,394,409,take someone or something by surprise
take someone or something for granted,394,409,take someone or something for granted
take someone or something in,394,409,take someone or something in 1.
take someone or something into account,394,409,take someone or something into account
take someone or something on,395,410,take someone or something on
take someone or something out,395,410,take someone or something out 1.
take someone or something over,395,410,take someone or something over
take someone or something wrong,395,410,take someone or something wrong
take someone’s breath away,395,410,take someone’s breath away 1.
take someone’s part,395,410,take someone’s part
take someone’s pulse,395,410,take someone’s pulse
take someone to task,395,410,take someone to task
take someone to the cleaners,395,410,take someone to the cleaners
take someone under one’s wing(s),395,410,take someone under one’s wing(s)
take someone up on something,395,410,take someone up on something
take something,395,410,take something
take something amiss,395,410,take something amiss and take something the wrong way
take something the wrong way,395,410,take something amiss and take something the wrong way
take something at face value,395,410,take something at face value
take something back,395,410,take something back
take something home (with oneself),396,411,take something home (with oneself) 1.
take something in stride,396,411,take something in stride
take something lying down,396,411,take something lying down
take something on faith,396,411,take something on faith
take something on the chin,396,411,take something on the chin
take something out on someone or something,396,411,take something out on someone or something
take something personally,396,411,take something personally
take something to heart,396,411,take something to heart
take something up,396,411,take something up 1.
take something up (with someone),396,411,take something up (with someone)
take something with a grain of salt,396,411,take something with a grain of salt
take something with a pinch of salt,396,411,take something with a pinch of salt and take something with a grain of salt
take steps (to prevent something),396,411,take steps (to prevent something)
take stock (of something),396,411,take stock (of something)
take the bit between the teeth,396,411,take the bit between the teeth
take the bit in one’s teeth,396,411,take the bit in one’s teeth and take the bit between the teeth
take the bitter with the sweet,397,412,take the bitter with the sweet
take the bull by the horns,397,412,take the bull by the horns and seize the bull by the horns
take the cake,397,412,take the cake
take the day off,397,412,take the day off
take the edge off (something),397,412,take the edge off (something)
take the initiative (to do something),397,412,take the initiative (to do something)
take the law into one’s own hands,397,412,take the law into one’s own hands
take the liberty of doing something,397,412,take the liberty of doing something
take the rap (for someone or something),397,412,take the rap (for someone or something) 1.
take the stand,397,412,take the stand
take the starch out of someone,397,412,take the starch out of someone 1.
take the trouble (to do something),397,412,take the trouble (to do something)
take the wind out of someone’s sails,397,412,take the wind out of someone’s sails
take the words out of one’s mouth,398,413,take the words out of one’s mouth
take time off,398,413,take time off
take too much on,398,413,take too much on
take to one’s heels,398,413,take to one’s heels
take to someone or something,398,413,take to someone or something
take turns ((at) doing something),398,413,take turns ((at) doing something)
take umbrage at something,398,413,take umbrage at something
take up a collection,398,413,take up a collection
take up arms (against someone or something),398,413,take up arms (against someone or something)
take up one’s abode somewhere,398,413,take up one’s abode somewhere
take up room,398,413,take up room
take up someone’s time,398,413,take up someone’s time
take up space,398,413,take up space and take up room
take up time,398,413,take up time
take up where one left off,398,413,take up where one left off
take up with someone,398,413,take up with someone
taken aback,398,413,taken aback
taken for dead,398,413,taken for dead
talk a blue streak,399,414,talk a blue streak
talk back (to someone),399,414,talk back (to someone)
talk big,399,414,talk big
talk down to someone,399,414,talk down to someone
talk in circles,399,414,talk in circles
talk oneself out,399,414,talk oneself out
talk shop,399,414,talk shop
talk someone down,399,414,talk someone down 1.
talk someone into (doing) something,399,414,talk someone into (doing) something
talk someone or something up,399,414,talk someone or something up
talk someone out of (doing) something,399,414,talk someone out of (doing) something
talk someone out of something,399,414,talk someone out of something
talk someone’s ear off,399,414,talk someone’s ear off
talk someone’s head off,399,414,talk someone’s head off 1.
talk something out,399,414,talk something out
talk something over,399,414,talk something over
talk through one’s hat,400,415,talk through one’s hat
talk turkey,400,415,talk turkey
talk until one is blue in the face,400,415,talk until one is blue in the face
talked out,400,415,talked out
tamper with something,400,415,tamper with something
tan someone’s hide,400,415,tan someone’s hide
taper off (doing something),400,415,taper off (doing something)
tar and feather someone,400,415,tar and feather someone
tarred with the same brush,400,415,tarred with the same brush
a taste of something,400,415,a taste of something
a taste of things to come,400,415,a taste of things to come
tax-and-spend,400,415,tax-and-spend
tea and crumpets,400,415,tea and crumpets
teach one’s grandmother to suck eggs,400,415,teach one’s grandmother to suck eggs
teach someone a lesson,400,415,teach someone a lesson
the teacher’s pet,400,415,the teacher’s pet
team up with someone,401,416,team up with someone
tear into someone or something,401,416,tear into someone or something 1.
tear off,401,416,tear off
tear one’s hair (out),401,416,tear one’s hair (out)
tear someone or something down,401,416,tear someone or something down 1.
tear someone up,401,416,tear someone up
tee someone off,401,416,tee someone off
teething troubles,401,416,teething troubles
tell its own story,401,416,tell its own story and tell its own tale
tell its own tale,401,416,tell its own story and tell its own tale
tell it to the marines,401,416,tell it to the marines
tell one to one’s face,401,416,tell one to one’s face
tell on someone,401,416,tell on someone
tell people apart,401,416,tell people apart
tell someone a thing or two,401,416,tell someone a thing or two and tell someone where to get off
tell someone where to get off,401,416,tell someone a thing or two and tell someone where to get off
tell someone off,401,416,tell someone off
tell tales out of school,401,416,tell tales out of school
tell things apart,402,417,tell things apart
tell time,402,417,tell time 1.
a tempest in a teapot,402,417,a tempest in a teapot
thank one’s lucky stars,402,417,thank one’s lucky stars
Thank you for sharing.,402,417,Thank you for sharing.
thankful for small blessings,402,417,thankful for small blessings
thanks to someone or something,402,417,thanks to someone or something
That ain’t hay.,402,417,That ain’t hay.
That does it!,402,417,That does it! and That tears it!
That tears it!,402,417,That does it! and That tears it!
That makes two of us.,402,417,That makes two of us.
That sucks.,402,417,That sucks. and It sucks.
That takes care of that.,402,417,That takes care of that.
That’ll be the day.,402,417,That’ll be the day.
That’s about the size of it.,402,417,That’s about the size of it.
That’s all for someone.,402,417,That’s all for someone.
That’s all she wrote.,402,417,That’s all she wrote.
That’s it! 1. That does it!,402,417,That’s it! 1. That does it!; That’s the last straw! (Informal.)
That’s the last straw! (Informal.),402,417,That’s it! 1. That does it!; That’s the last straw! (Informal.)
That’s that.,403,418,That’s that.
That’s the ticket.,403,418,That’s the ticket.
That’s the way the ball bounces.,403,418,That’s the way the ball bounces. and That’s the way the cookie crumbles.
That’s the way the cookie crumbles.,403,418,That’s the way the ball bounces. and That’s the way the cookie crumbles.
Them’s fighting words.,403,418,Them’s fighting words.
then and there,403,418,then and there
There aren’t enough hours in the day.,403,418,There aren’t enough hours in the day.
There are plenty of other fish in the sea.,403,418,There are plenty of other fish in the sea.
there is no doing something,403,418,there is no doing something
There is trouble brewing.,403,418,There is trouble brewing.
"There, now.",403,418,"There, now."
"There, there.",403,418,"There, there. and There, now."
There will be the devil to pay.,403,418,There will be the devil to pay.
There’s more than one way to skin a cat.,403,418,There’s more than one way to skin a cat.
There’s no accounting for taste.,403,418,There’s no accounting for taste.
They don’t make them like they used to.,403,418,They don’t make them like they used to.
thick and fast,403,418,thick and fast
thick as pea soup,403,418,thick as pea soup
thick as thieves,403,418,thick as thieves
thick-skinned,404,419,thick-skinned
thin on top,404,419,thin on top
thin-skinned,404,419,thin-skinned
Things are looking up.,404,419,Things are looking up.
think a great deal of someone or something,404,419,think a great deal of someone or something
think a lot of someone or something,404,419,think a lot of someone or something and think a great deal of someone or something;think highly of someone or something;think much of someone or something
think highly of someone or something,404,419,think a lot of someone or something and think a great deal of someone or something;think highly of someone or something;think much of someone or something
think much of someone or something,404,419,think a lot of someone or something and think a great deal of someone or something;think highly of someone or something;think much of someone or something
think back (on someone or something),404,419,think back (on someone or something)
think better of something,404,419,think better of something
think inside the box,404,419,think inside the box
think little of someone or something,404,419,think little of someone or something and think nothing of someone or something
think nothing of someone or something,404,419,think little of someone or something and think nothing of someone or something
think on one’s feet,404,419,think on one’s feet
think out loud,404,419,think out loud
think outside the box,404,419,think outside the box
think someone or something fit for something,404,419,think someone or something fit for something
think something out,405,420,think something out
think something over,405,420,think something over
think something up,405,420,think something up
think the world of someone or something,405,420,think the world of someone or something
think twice (before doing something),405,420,think twice (before doing something)
thinking inside the box,405,420,thinking inside the box
thinking outside the box,405,420,thinking outside the box
a thirst for something,405,420,a thirst for something
thirsty for something,405,420,thirsty for something
This is it.,405,420,This is it.
thither and yon,405,420,thither and yon
a thorn in someone’s side,405,420,a thorn in someone’s side
Those were the days.,405,420,Those were the days.
thrash something out,405,420,thrash something out
thread (one’s way) through something,405,420,thread (one’s way) through something
three sheets to the wind,405,420,three sheets to the wind
thrill someone to death,405,420,thrill someone to death
thrill someone to pieces,406,421,thrill someone to pieces and thrill someone to death
thrilled to death,406,421,thrilled to death and thrilled to pieces
thrilled to pieces,406,421,thrilled to death and thrilled to pieces
through and through,406,421,through and through
through hell and high water,406,421,through hell and high water
through thick and thin,406,421,through thick and thin
throw a fit,406,421,throw a fit
throw a monkey wrench into the works,406,421,throw a monkey wrench into the works
throw a party (for someone),406,421,throw a party (for someone)
throw caution to the wind,406,421,throw caution to the wind
throw down the gauntlet,406,421,throw down the gauntlet
throw good money after bad,406,421,throw good money after bad
throw in the sponge,406,421,throw in the sponge
throw in the towel,406,421,throw in the towel and throw in the sponge
throw oneself at someone,406,421,throw oneself at someone and fling oneself at someone
throw oneself at someone’s feet,406,421,throw oneself at someone’s feet
throw oneself at the mercy of the court,407,422,throw oneself at the mercy of the court
throw oneself on the mercy of the court,407,422,throw oneself on the mercy of the court and throw oneself at the mercy of the court
throw one’s hands up in despair,407,422,throw one’s hands up in despair
throw one’s hands up in horror,407,422,throw one’s hands up in horror
throw one’s voice,407,422,throw one’s voice
throw one’s weight around,407,422,throw one’s weight around
throw someone,407,422,throw someone
throw someone a curve,407,422,throw someone a curve 1.
throw someone for a loop,407,422,throw someone for a loop and knock someone for a loop
throw someone for a loss,407,422,throw someone for a loss
throw someone off the track,407,422,throw someone off the track 1.
throw someone off the trail,407,422,throw someone off the trail
throw someone or something off,407,422,throw someone or something off 1.
throw someone out (of something),408,423,throw someone out (of something)
throw someone over,408,423,throw someone over
throw someone’s name around,408,423,throw someone’s name around
throw someone to the wolves,408,423,throw someone to the wolves
throw something into the bargain,408,423,throw something into the bargain
throw something together,408,423,throw something together and slap something together
throw (something) up,408,423,throw (something) up
throw something up to someone,408,423,throw something up to someone
throw the baby out with the bath(water),408,423,throw the baby out with the bath(water)
throw the book at someone,408,423,throw the book at someone
thrust and parry,408,423,thrust and parry
thumb a ride,408,423,thumb a ride and hitch a ride
thumb one’s nose at someone or something,408,423,thumb one’s nose at someone or something
thumb through something,408,423,thumb through something and leaf through something
a thumbnail sketch,409,424,a thumbnail sketch
thumbs down on someone or something,409,424,thumbs down on someone or something
thumbs up on someone or something,409,424,thumbs up on someone or something
thunder,409,424,thunder
tickle someone pink,409,424,tickle someone pink and tickle someone to death
tickle someone to death,409,424,tickle someone pink and tickle someone to death
tickle someone’s fancy,409,424,tickle someone’s fancy
tickled pink,409,424,tickled pink and tickled to death
tickled to death,409,424,tickled pink and tickled to death
tide someone over,409,424,tide someone over
tie into something,409,424,tie into something
tie someone down,409,424,tie someone down
tie someone or something up,409,424,tie someone or something up 1.
tie someone’s hands,409,424,tie someone’s hands
tie someone (up) in knots,409,424,tie someone (up) in knots
tie the knot,409,424,tie the knot
tie traffic up,409,424,tie traffic up
tied down,410,425,tied down
tied to one’s mother’s apron strings,410,425,tied to one’s mother’s apron strings
tied up,410,425,tied up
tight as a drum,410,425,tight as a drum
tight as a tick,410,425,tight as a tick
tight as Dick’s hatband,410,425,tight as Dick’s hatband
tighten one’s belt,410,425,tighten one’s belt
tightfisted (with money),410,425,tightfisted (with money) and closefisted (with money)
till all hours (of the day and night),410,425,till all hours (of the day and night)
till the cows come home,410,425,till the cows come home
tilt at windmills,410,425,tilt at windmills
time after time,410,425,time after time and time and (time) again
time and (time) again,410,425,time after time and time and (time) again
time flies,410,425,time flies
Time is money.,410,425,Time is money.
the time is ripe,410,425,the time is ripe
Time is up.,410,425,Time is up.
time off,410,425,time off
time out,410,425,time out 1.
time to catch one’s breath,410,425,time to catch one’s breath
time was (when),410,425,time was (when)
Time will tell.,411,426,Time will tell.
tip someone off,411,426,tip someone off
tip the scales at something,411,426,tip the scales at something
tits and ass,411,426,tits and ass
to a great extent,411,426,to a great extent
to and fro,411,426,to and fro
to beat the band,411,426,to beat the band
to be on the safe side,411,426,to be on the safe side
to be safe,411,426,to be safe
to boot,411,426,to boot
to count heads,411,426,to count heads
to date,411,426,to date
to hell and gone,411,426,to hell and gone
to no avail,411,426,to no avail and of no avail
to one’s heart’s content,411,426,to one’s heart’s content
to put it mildly,411,426,to put it mildly
to say nothing of someone or something,411,426,to say nothing of someone or something
to say the least,411,426,to say the least
to some extent,412,427,to some extent
to someone’s liking,412,427,to someone’s liking
to someone’s way of thinking,412,427,to someone’s way of thinking
to the best of one’s ability,412,427,to the best of one’s ability
to the best of one’s knowledge,412,427,to the best of one’s knowledge
to the bitter end,412,427,to the bitter end
to the contrary,412,427,to the contrary
to the core,412,427,to the core
to the ends of the earth,412,427,to the ends of the earth
to the last,412,427,to the last
to the letter,412,427,to the letter
to the nth degree,412,427,to the nth degree
to the tune of some amount of money,412,427,to the tune of some amount of money
To the victors belong the spoils.,412,427,To the victors belong the spoils. and To the victor belongs the spoils.
To the victor belongs the spoils.,412,427,To the victors belong the spoils. and To the victor belongs the spoils.
to whom it may concern,412,427,to whom it may concern
to wit,412,427,to wit
toe the line,412,427,toe the line
toe the mark,412,427,toe the mark and toe the line
toing and froing (on something),413,428,toing and froing (on something)
"Tom, Dick, and Harry",413,428,"Tom, Dick, and Harry"
tone something down,413,428,tone something down
tongue-in-cheek,413,428,tongue-in-cheek
too big for one’s britches,413,428,too big for one’s britches
too close for comfort,413,428,too close for comfort
too good to be true,413,428,too good to be true
Too many cooks spoil the broth.,413,428,Too many cooks spoil the broth.
Too many cooks spoil the stew.,413,428,Too many cooks spoil the stew. and Too many cooks spoil the broth.
too much of a good thing,413,428,too much of a good thing
toot one’s own horn,413,428,toot one’s own horn and blow one’s own horn
top someone or something,413,428,top someone or something
top something off,413,428,top something off
top something off (with something),413,428,top something off (with something)
torn between bad choices,413,428,torn between bad choices
torn between choosing something or something else,413,428,torn between choosing something or something else and torn between bad choices
toss a salad,413,428,toss a salad
toss one’s cookies,413,428,toss one’s cookies
toss one’s hat into the ring,414,429,toss one’s hat into the ring
toss something off,414,429,toss something off and shake something off 1.
touch and go,414,429,touch and go
touch a sore point,414,429,touch a sore point
touch a sore spot,414,429,touch a sore spot and touch a sore point
touch base (with someone),414,429,touch base (with someone)
touch on something,414,429,touch on something
touch someone for something,414,429,touch someone for something
touch someone or something off,414,429,touch someone or something off 1.
touch something up,414,429,touch something up
touched by someone or something,414,429,touched by someone or something
touched (in the head),414,429,touched (in the head)
a tough act to follow,414,429,a tough act to follow
tough as an old boot,414,429,tough as an old boot
tough break,414,429,tough break
tough it out,414,429,tough it out
tough nut to crack,414,429,tough nut to crack
tough row to hoe,414,429,tough row to hoe
a tower of strength,415,430,a tower of strength
town-and-gown,415,430,town-and-gown
toy with someone or something,415,430,toy with someone or something 1.
trade on something,415,430,trade on something
train one’s sights on something,415,430,train one’s sights on something and have one’s sights trained on something
trial and error,415,430,trial and error
trials and tribulations,415,430,trials and tribulations
Trick or treat!,415,430,Trick or treat!
trick someone into doing something,415,430,trick someone into doing something
tried-and-true,415,430,tried-and-true
trip someone up,415,430,trip someone up 1.
trot something out,415,430,trot something out
Trouble is brewing.,415,430,Trouble is brewing. and There is trouble brewing.
trouble oneself about someone or something,416,431,trouble oneself about someone or something
trouble oneself (to do something),416,431,trouble oneself (to do something)
trouble one’s head about someone or something,416,431,trouble one’s head about someone or something
trouble someone for something,416,431,trouble someone for something
trouble someone to do something,416,431,trouble someone to do something
true as steel,416,431,true as steel
true to form,416,431,true to form
true to one’s word,416,431,true to one’s word
trumped-up,416,431,trumped-up
try one’s hand (at something),416,431,try one’s hand (at something)
try one’s luck (at something),416,431,try one’s luck (at something)
try out (for something),416,431,try out (for something)
try (out) one’s wings,416,431,try (out) one’s wings
try someone’s patience,416,431,try someone’s patience
try something out on someone,416,431,try something out on someone
tuck into something,416,431,tuck into something
tuckered out,417,432,tuckered out
tune someone or something out,417,432,tune someone or something out
tune (something) in,417,432,tune (something) in
turn a blind eye to someone or something,417,432,turn a blind eye to someone or something
turn a deaf ear (to someone or something),417,432,turn a deaf ear (to someone or something)
turn in,417,432,turn in
turn of the century,417,432,turn of the century
turn on a dime,417,432,turn on a dime
turn one’s back (on someone or something),417,432,turn one’s back (on someone or something)
turn one’s nose up at someone or something,417,432,turn one’s nose up at someone or something
turn on the waterworks,417,432,turn on the waterworks
turn out (all right),417,432,turn out (all right) and pan out; work out (all right)
work out (all right),417,432,turn out (all right) and pan out; work out (all right)
turn out (that) something is so,417,432,turn out (that) something is so
turn over,417,432,turn over and kick over
turn over a new leaf,417,432,turn over a new leaf
turn (over) in one’s grave,417,432,turn (over) in one’s grave and roll (over) in one’s grave
turn someone off,418,433,turn someone off
turn someone on,418,433,turn someone on
turn someone or something down,418,433,turn someone or something down 1.
turn someone or something out,418,433,turn someone or something out 1.
turn someone or something up,418,433,turn someone or something up
turn someone’s head,418,433,turn someone’s head
turn someone’s stomach,418,433,turn someone’s stomach
turn something to good account,418,433,turn something to good account
turn something to one’s advantage,418,433,turn something to one’s advantage
turn the clock back,418,433,turn the clock back
turn the heat up (on someone),418,433,turn the heat up (on someone)
turn the other cheek,418,433,turn the other cheek
turn the tables (on someone),418,433,turn the tables (on someone)
turn the tide,419,434,turn the tide
turn thumbs down (on someone or something),419,434,turn thumbs down (on someone or something)
turn thumbs up (on someone or something),419,434,turn thumbs up (on someone or something)
turn to,419,434,turn to
turn to someone or something (for something),419,434,turn to someone or something (for something)
turn turtle,419,434,turn turtle
turn up,419,434,turn up
turn up one’s toes,419,434,turn up one’s toes
twiddle one’s thumbs,419,434,twiddle one’s thumbs
twist someone around one’s little finger,419,434,twist someone around one’s little finger
twist someone’s arm,419,434,twist someone’s arm
twist someone’s words (around),419,434,twist someone’s words (around)
two bricks shy of a load,419,434,two bricks shy of a load
two of a kind,419,434,two of a kind
two-time someone,419,434,two-time someone
"Two’s company(, three’s a crowd).",419,434,"Two’s company(, three’s a crowd)."
ugly as a toad,420,435,ugly as a toad
ugly as sin,420,435,ugly as sin
unaccustomed to someone or something,420,435,unaccustomed to someone or something
under a cloud (of suspicion),420,435,under a cloud (of suspicion)
under arrest,420,435,under arrest
under certain circumstances,420,435,under certain circumstances and under certain conditions
under certain conditions,420,435,under certain circumstances and under certain conditions
under (close) scrutiny,420,435,under (close) scrutiny
under construction,420,435,under construction
under control,420,435,under control
under fire,420,435,under fire
under oath,420,435,under oath
under one’s own steam,420,435,under one’s own steam
under someone’s (very) nose,420,435,under someone’s (very) nose
under (some) pressure,420,435,under (some) pressure
under the aegis of someone,420,435,under the aegis of someone and under the auspices of someone
under the auspices of someone,420,435,under the aegis of someone and under the auspices of someone
under the circumstances,420,435,under the circumstances
under the counter,421,436,under the counter
under the influence (of alcohol),421,436,under the influence (of alcohol)
under the influence of something,421,436,under the influence of something
under the sun,421,436,under the sun
under the table,421,436,under the table
under the weather,421,436,under the weather
under the wire,421,436,under the wire
unfamiliar territory,421,436,unfamiliar territory
an unknown quantity,421,436,an unknown quantity
until all hours (of the day and night),421,436,until all hours (of the day and night)
until hell freezes over,421,436,until hell freezes over
(un)til the cows come home,421,436,(un)til the cows come home
up a blind alley,421,436,up a blind alley
up against something,421,436,up against something
up and about,421,436,up and about
up and around,421,436,up and around
up and at them,421,436,up and at them
up and away,422,437,up and away
up-and-coming,422,437,up-and-coming
up a tree,422,437,up a tree
up for grabs,422,437,up for grabs
up for something,422,437,up for something
up-front,422,437,up-front 1.
up in arms,422,437,up in arms
up in the air (about someone or something),422,437,up in the air (about someone or something)
up in years,422,437,up in years and advanced in years;along in years; on in years
up North,422,437,up North
up the creek (without a paddle),422,437,up the creek (without a paddle)
up-to-date,422,437,up-to-date
up to doing something,422,437,up to doing something
up to no good,422,437,up to no good
up to one’s ears (in something),422,437,up to one’s ears (in something)
up to one’s eyeballs (in something),422,437,up to one’s eyeballs (in something)
up to one’s neck (in something),422,437,up to one’s neck (in something) and up to one’s ears (in something); up to one’s eyeballs (in something)
up to par,423,438,up to par
up to scratch,423,438,up to scratch
up to snuff,423,438,up to snuff and up to scratch
up to someone,423,438,up to someone
up to something,423,438,up to something 1.
up-to-the-minute,423,438,up-to-the-minute
(up)on impact,423,438,(up)on impact
upper crust,423,438,upper crust
ups and downs,423,438,ups and downs
upset the apple cart,423,438,upset the apple cart
the upshot of something,423,438,the upshot of something
use every trick in the book,423,438,use every trick in the book
use one’s head,423,438,use one’s head and use one’s noggin; use one’s noodle
use one’s noggin,423,438,use one’s head and use one’s noggin; use one’s noodle
use one’s noodle,423,438,use one’s head and use one’s noggin; use one’s noodle
use some elbow grease,423,438,use some elbow grease
use someone or something as an excuse,423,438,use someone or something as an excuse
use strong language,423,438,use strong language
used to do something,424,439,used to do something
used to someone or something,424,439,used to someone or something
vale of tears,425,440,vale of tears
vanish into thin air,425,440,vanish into thin air
Variety is the spice of life.,425,440,Variety is the spice of life.
vent one’s spleen,425,440,vent one’s spleen
verge on something,425,440,verge on something
the very last,425,440,the very last
the very thing,425,440,the very thing
the villain of the piece,425,440,the villain of the piece
vim and vigor,425,440,vim and vigor
vote a split ticket,425,440,vote a split ticket
vote a straight ticket,425,440,vote a straight ticket
a vote of confidence,425,440,a vote of confidence
a vote of thanks,425,440,a vote of thanks
vote with one’s feet,426,441,vote with one’s feet
wade in(to something),427,442,wade in(to something)
wag one’s chin,427,442,wag one’s chin
wait-and-see attitude,427,442,wait-and-see attitude
wait on someone hand and foot,427,442,wait on someone hand and foot
wait up (for someone or something),427,442,wait up (for someone or something) 1.
waiting in the wings,427,442,waiting in the wings
wake the dead,427,442,wake the dead
walk all over someone,427,442,walk all over someone
walk a tightrope,427,442,walk a tightrope
walk away with something,427,442,walk away with something and walk off with something 1.
walk off with something,427,442,walk away with something and walk off with something 1.
walk on air,427,442,walk on air
walk on eggs,427,442,walk on eggs
walk out (on someone or something),428,443,walk out (on someone or something) 1.
walk the floor,428,443,walk the floor
walk the plank,428,443,walk the plank
wall-to-wall with something,428,443,wall-to-wall with something
Walls have ears.,428,443,Walls have ears.
want for nothing,428,443,want for nothing
warm as toast,428,443,warm as toast
warm the bench,428,443,warm the bench
warm the cockles of someone’s heart,428,443,warm the cockles of someone’s heart
warm up to someone,428,443,warm up to someone
warts and all,428,443,warts and all
wash a few things out,428,443,wash a few things out
wash-and-wear,428,443,wash-and-wear
wash one’s hands of someone or something,428,443,wash one’s hands of someone or something
washed-out,428,443,washed-out
washed-up,428,443,washed-up
waste one’s breath,428,443,waste one’s breath
waste someone,429,444,waste someone
watch one’s step,429,444,watch one’s step
watch out,429,444,watch out
watch out for someone or something,429,444,watch out for someone or something and look out for someone or something 1.
watch over someone or something,429,444,watch over someone or something
watch someone or something like a hawk,429,444,watch someone or something like a hawk
water something down,429,444,water something down 1.
water under the bridge,429,444,water under the bridge
wax and wane,429,444,wax and wane
(way) over there,429,444,(way) over there
ways and means,429,444,ways and means
We aim to please.,429,444,We aim to please.
weak as a baby,429,444,weak as a baby
weak as a kitten,429,444,weak as a kitten
a wealth of something,429,444,a wealth of something
wear and tear (on something),429,444,wear and tear (on something)
wear more than one hat,430,445,wear more than one hat
wear off,430,445,wear off
wear one’s heart on one’s sleeve,430,445,wear one’s heart on one’s sleeve and have one’s heart on one’s sleeve
wear on someone,430,445,wear on someone
wear out one’s welcome,430,445,wear out one’s welcome
wear someone down,430,445,wear someone down
wear someone out,430,445,wear someone out
weasel out (of something),430,445,weasel out (of something)
weather permitting,430,445,weather permitting
weave in and out (of something),430,445,weave in and out (of something)
wed(ded) to someone,430,445,wed(ded) to someone
wedded to something,430,445,wedded to something
weed someone or something out,430,445,weed someone or something out
"week in, week out",430,445,"week in, week out"
weigh on someone’s mind,430,445,weigh on someone’s mind
weigh someone down,430,445,weigh someone down
weigh someone’s words,431,446,weigh someone’s words 1.
welcome to do something,431,446,welcome to do something
well and good,431,446,well and good
well-disposed toward someone or something,431,446,well-disposed toward someone or something
well-fixed,431,446,well-fixed
well-heeled,431,446,well-heeled and well-fixed; well-off
well-off,431,446,well-heeled and well-fixed; well-off
well-to-do,431,446,well-to-do
well up in years,431,446,well up in years
wet behind the ears,431,446,wet behind the ears and not dry behind the ears
wet blanket,431,446,wet blanket
wet someone’s whistle,431,446,wet someone’s whistle
What are you driving at?,431,446,What are you driving at?
What can I say?,431,446,What can I say?
What do you want me to say?,431,446,What do you want me to say?
what for,431,446,what for
"What goes around, comes around.",431,446,"What goes around, comes around."
What have you been up to?,431,446,What have you been up to?
what if,432,447,what if
what makes someone tick,432,447,what makes someone tick
what makes something tick,432,447,what makes something tick
What one doesn’t know won’t hurt one.,432,447,What one doesn’t know won’t hurt one.
"Whatever will be, will be.",432,447,"Whatever will be, will be."
What’s done is done.,432,447,What’s done is done.
What’s keeping you?,432,447,What’s keeping you?
What’s new?,432,447,What’s new?
What’s the good of something?,432,447,What’s the good of something?
What’s up?,432,447,What’s up?
What’s with someone?,432,447,What’s with someone?
wheel and deal,432,447,wheel and deal
when all is said and done,432,447,when all is said and done
when hell freezes over,432,447,when hell freezes over and until hell freezes over
"When in Rome, do as the Romans do.",432,447,"When in Rome, do as the Romans do."
when it comes right down to it,432,447,when it comes right down to it
when it comes to something,432,447,when it comes to something
when least expected,433,448,when least expected
when one is good and ready,433,448,when one is good and ready
when push comes to shove,433,448,when push comes to shove
"When the cat’s away, the mice will play.",433,448,"When the cat’s away, the mice will play."
when the chips are down,433,448,when the chips are down
when the going gets rough,433,448,when the going gets rough
when the going gets tough,433,448,when the going gets tough and when the going gets rough
when the time is ripe,433,448,when the time is ripe
where one is coming from,433,448,where one is coming from
Where there’s a will there’s a way.,433,448,Where there’s a will there’s a way.
Where there’s smoke there’s fire.,433,448,Where there’s smoke there’s fire.
Where was I?,433,448,Where was I?
Where’ve you been hiding yourself?,433,448,Where’ve you been hiding yourself?
whet someone’s appetite,433,448,whet someone’s appetite
whether or not,433,448,whether or not
while away the time,433,448,while away the time
whip something up,434,449,whip something up
white as a sheet,434,449,white as a sheet
white as the driven snow,434,449,white as the driven snow
white elephant,434,449,white elephant
Who do you think you’re kidding?,434,449,Who do you think you’re kidding?
Who do you think you’re talking to?,434,449,Who do you think you’re talking to?
Who would have thought?,434,449,Who would have thought?
the whole ball of wax,434,449,the whole ball of wax and
(whole) new ball game,434,449,(whole) new ball game
whoop it up,434,449,whoop it up
wide-awake,434,449,wide-awake
wide of the mark,434,449,wide of the mark 1.
wild about someone or something,434,449,wild about someone or something
Wild horses couldn’t drag someone.,435,450,Wild horses couldn’t drag someone.
will not hear of something,435,450,will not hear of something
win by a nose,435,450,win by a nose
win out (over someone or something),435,450,win out (over someone or something)
win someone over,435,450,win someone over
wind down,435,450,wind down
wind something up,435,450,wind something up
window-shopping,435,450,window-shopping
wine and dine someone,435,450,wine and dine someone
wing it,435,450,wing it
wink at something,435,450,wink at something
wipe someone or something out,435,450,wipe someone or something out 1.
wipe someone’s slate clean,435,450,wipe someone’s slate clean
wipe something off,435,450,wipe something off 1.
wipe the floor up with someone,435,450,wipe the floor up with someone
floor up with someone.),436,451,floor up with someone.)
wise as an owl,436,451,wise as an owl
wise as Solomon,436,451,wise as Solomon
wise up (to someone or something),436,451,wise up (to someone or something)
wish something off on someone,436,451,wish something off on someone
wishful thinking,436,451,wishful thinking
with a heavy heart,436,451,with a heavy heart
with all one’s heart and soul,436,451,with all one’s heart and soul
with all the fixings,436,451,with all the fixings
with an eye to doing something,436,451,with an eye to doing something
with a vengeance,436,451,with a vengeance
with a view to doing something,436,451,with a view to doing something and with an eye to doing something
with a will,436,451,with a will
with bells on (one’s toes),436,451,with bells on (one’s toes)
with both hands tied behind one’s back,436,451,with both hands tied behind one’s back
with each passing day,436,451,with each passing day
with ease,436,451,with ease
with every (other) breath,436,451,with every (other) breath
with everything (on it),436,451,with everything (on it)
with flying colors,436,451,with flying colors
(with) hat in hand,436,451,(with) hat in hand
with impunity,437,452,with impunity
with it,437,452,with it 1.
with no strings attached,437,452,with no strings attached and without any strings attached
without any strings attached,437,452,with no strings attached and without any strings attached
with one hand tied behind one’s back,437,452,with one hand tied behind one’s back and with both hands tied behind one’s back
with one’s tail between one’s legs,437,452,with one’s tail between one’s legs
with regard to someone or something,437,452,with regard to someone or something
with relish,437,452,with relish
with respect to someone or something,437,452,with respect to someone or something
with the best will in the world,437,452,with the best will in the world
wither on the vine,437,452,wither on the vine and die on the vine
within an inch of one’s life,437,452,within an inch of one’s life
within a stone’s throw (of something),437,452,within a stone’s throw (of something) and (just) a stone’s throw (away) (from something)
(just) a stone’s throw (away) (from something),437,452,within a stone’s throw (of something) and (just) a stone’s throw (away) (from something)
within bounds,437,452,within bounds
within calling distance,437,452,within calling distance
within hailing distance,437,452,within hailing distance and within calling distance; within shouting distance
within shouting distance,437,452,within hailing distance and within calling distance; within shouting distance
within limits,438,453,within limits and within bounds
within reason,438,453,within reason
within someone’s grasp,438,453,within someone’s grasp
within someone’s reach,438,453,within someone’s reach and within someone’s grasp
within walking distance,438,453,within walking distance
without batting an eye,438,453,without batting an eye
without fail,438,453,without fail
without further ado,438,453,without further ado
without question,438,453,without question
without rhyme or reason,438,453,without rhyme or reason
without so much as doing something,438,453,without so much as doing something
Woe is me!,438,453,Woe is me!
a wolf in sheep’s clothing,438,453,a wolf in sheep’s clothing
word by word,438,453,word by word
word for word,438,453,word for word
a word to the wise,438,453,a word to the wise
work like a horse,439,454,work like a horse
work one’s fingers to the bone,439,454,work one’s fingers to the bone
work (one’s way) into something,439,454,work (one’s way) into something
work one’s way through college,439,454,work one’s way through college
work one’s way up,439,454,work one’s way up
work on someone or something,439,454,work on someone or something 1.
work out,439,454,work out
work out for the best,439,454,work out for the best
work someone or something in,439,454,work someone or something in
work someone or something up,439,454,work someone or something up 1.
work someone over,439,454,work someone over
work something into something else,439,454,work something into something else
work something off,439,454,work something off
work something out,439,454,work something out
work through channels,439,454,work through channels
work wonders (with someone or something),440,455,work wonders (with someone or something)
worked up (about something),440,455,worked up (about something)
worked up (over something),440,455,worked up (over something)
the works,440,455,the works
The worm (has) turned.,440,455,The worm (has) turned.
worm one’s way out of something,440,455,worm one’s way out of something
worm something out of someone,440,455,worm something out of someone
worth its weight in gold,440,455,worth its weight in gold
worth one’s salt,440,455,worth one’s salt
worth someone’s while,440,455,worth someone’s while
worthy of the name,440,455,worthy of the name
would give one’s right arm (for someone or something),440,455,would give one’s right arm (for someone or something)
would like (to have) someone or something,440,455,would like (to have) someone or something
would rather,440,455,would rather
wouldn’t dream of doing something,440,455,wouldn’t dream of doing something
wouldn’t touch someone or something with a ten-foot pole,440,455,wouldn’t touch someone or something with a ten-foot pole
wrap something up,441,456,wrap something up
wrapped up in someone or something,441,456,wrapped up in someone or something
wreak havoc with something,441,456,wreak havoc with something
wreak vengeance (up)on someone or something,441,456,wreak vengeance (up)on someone or something
write someone or something off,441,456,write someone or something off 1.
write someone or something up,441,456,write someone or something up 1.
write something down,441,456,write something down
write something out,441,456,write something out
the wrong side of the tracks,441,456,the wrong side of the tracks
X marks the spot,442,457,X marks the spot
year after year,443,458,year after year
"year in, year out year after year,",443,458,"year in, year out year after year,"
year round,443,458,year round
yield the right-of-way,443,458,yield the right-of-way
You bet (your boots)!,443,458,You bet (your boots)! and You can bet on it!
You can bet on it!,443,458,You bet (your boots)! and You can bet on it!
You can say that again!,443,458,You can say that again! and You said it!
You said it!,443,458,You can say that again! and You said it!
You can’t please everyone.,443,458,You can’t please everyone.
You can’t take it with you.,443,458,You can’t take it with you.
You can’t teach an old dog new tricks.,443,458,You can’t teach an old dog new tricks.
You got me there.,443,458,You got me there.
You just don’t get it!,443,458,You just don’t get it!
you know,443,458,you know
You scared me out of my wits.,444,459,You scared me out of my wits.
You scared the crap out of me.,444,459,You scared the crap out of me.
You scared the devil out of me.,444,459,You scared the devil out of me.
You scared the dickens out of me.,444,459,You scared the dickens out of me.
You scared the hell out of me.,444,459,You scared the hell out of me. and You scared the crap out of me.; You scared the dickens out of me.; You scared the devil out of me.; You scared me out of my wits.; You scared the pants off (of) me.
You scared the pants off (of) me.,444,459,You scared the hell out of me. and You scared the crap out of me.; You scared the dickens out of me.; You scared the devil out of me.; You scared me out of my wits.; You scared the pants off (of) me.
You scratch my back and I’ll scratch yours.,444,459,You scratch my back and I’ll scratch yours.
You think you’re so smart!,444,459,You think you’re so smart!
Your guess is as good as mine.,444,459,Your guess is as good as mine.
Your secret is safe with me.,444,459,Your secret is safe with me.
yours truly,444,459,yours truly 1.
zero in on something,445,460,zero in on something
zonk out,445,460,zonk out
zoom in (on someone or something),445,460,zoom in (on someone or something) 1.
A bad break,N/A,N/A,A bad break
A bad hair day,N/A,N/A,A bad hair day
A bad workman always blames his tools,N/A,N/A,A bad workman always blames his tools
A big ask,N/A,N/A,A big ask
A bigger bang for your buck,N/A,N/A,A bigger bang for your buck
A bird in the hand is worth two in the bush,N/A,N/A,A bird in the hand is worth two in the bush
A bite to eat,N/A,N/A,A bite to eat
A bull and cow,N/A,N/A,A bull and cow
A bunch of fives,N/A,N/A,A bunch of fives
A chip on your shoulder,N/A,N/A,A chip on your shoulder
A doubting thomas,N/A,N/A,A doubting thomas
A fate worse than death,N/A,N/A,A fate worse than death
A feather in ones cap,N/A,N/A,A feather in ones cap
A fish out of water,N/A,N/A,A fish out of water
A fly on the wall,N/A,N/A,A fly on the wall
A fool and his money are soon parted,N/A,N/A,A fool and his money are soon parted
A fools paradise,N/A,N/A,A fools paradise
A foot in the door,N/A,N/A,A foot in the door
A golden key can open any door,N/A,N/A,A golden key can open any door
A hot potato,N/A,N/A,A hot potato
A house divided against itself cannot stand,N/A,N/A,A house divided against itself cannot stand
A knight in shining armour,N/A,N/A,A knight in shining armour
A leopard cant change his spots,N/A,N/A,A leopard cant change his spots
A little bird told me,N/A,N/A,A little bird told me
A load of cobblers,N/A,N/A,A load of cobblers
A load of codswallop,N/A,N/A,A load of codswallop
A lot on your plate,N/A,N/A,A lot on your plate
A man after my own heart,N/A,N/A,A man after my own heart
A miss is as good as a mile,N/A,N/A,A miss is as good as a mile
A penny for your thoughts,N/A,N/A,A penny for your thoughts
A penny saved is a penny earned,N/A,N/A,A penny saved is a penny earned
A picture paints a thousand words,N/A,N/A,A picture paints a thousand words
A piece of cake,N/A,N/A,A piece of cake
A pig in a poke,N/A,N/A,A pig in a poke
A place in the sun,N/A,N/A,A place in the sun
A red rag to a bull,N/A,N/A,A red rag to a bull
A safe pair of hands,N/A,N/A,A safe pair of hands
A sea change,N/A,N/A,A sea change
A sight for sore eyes,N/A,N/A,A sight for sore eyes
A slap on the wrist,N/A,N/A,A slap on the wrist
A sledgehammer to crack a nut,N/A,N/A,A sledgehammer to crack a nut
A sorry sight,N/A,N/A,A sorry sight
A stitch in time saves nine,N/A,N/A,A stitch in time saves nine
A stones throw,N/A,N/A,A stones throw
A taste of your own medicine,N/A,N/A,A taste of your own medicine
A thorn in my flesh,N/A,N/A,A thorn in my flesh
A toss up,N/A,N/A,A toss up
A wolf in sheeps clothing,N/A,N/A,A wolf in sheeps clothing
About face,N/A,N/A,About face
About time,N/A,N/A,About time
Absence makes the heart grow fonder,N/A,N/A,Absence makes the heart grow fonder
Abso bloody lutely,N/A,N/A,Abso bloody lutely
Ace in the hole,N/A,N/A,Ace in the hole
Achilles heel,N/A,N/A,Achilles heel
Act your age,N/A,N/A,Act your age
Actions speak louder than words,N/A,N/A,Actions speak louder than words
Adage,N/A,N/A,Adage
Adams ale,N/A,N/A,Adams ale
Agreement,N/A,N/A,Agreement
Aint my first rodeo,N/A,N/A,Aint my first rodeo
Al desko,N/A,N/A,Al desko
Al fresco,N/A,N/A,Al fresco
All at sea,N/A,N/A,All at sea
All bark and no bite,N/A,N/A,All bark and no bite
All greek to me,N/A,N/A,All greek to me
All in a days work,N/A,N/A,All in a days work
All kidding aside,N/A,N/A,All kidding aside
All to cock,N/A,N/A,All to cock
All together now,N/A,N/A,All together now
Alley cat,N/A,N/A,Alley cat
Alpha mom,N/A,N/A,Alpha mom
Alphabet soup,N/A,N/A,Alphabet soup
Amber nectar,N/A,N/A,Amber nectar
America,N/A,N/A,America
Amped up,N/A,N/A,Amped up
An act of god,N/A,N/A,An act of god
An arm and a leg,N/A,N/A,An arm and a leg
An axe to grind,N/A,N/A,An axe to grind
An open and shut case,N/A,N/A,An open and shut case
Animals,N/A,N/A,Animals
Ankle biter,N/A,N/A,Ankle biter
Aphorism,N/A,N/A,Aphorism
Apples and pears,N/A,N/A,Apples and pears
As high as a kite,N/A,N/A,As high as a kite
Australian origin,N/A,N/A,Australian origin
Away with the fairies,N/A,N/A,Away with the fairies
Baby brain,N/A,N/A,Baby brain
Baby bump,N/A,N/A,Baby bump
Baby snatcher,N/A,N/A,Baby snatcher
Back seat driver,N/A,N/A,Back seat driver
Bag lady,N/A,N/A,Bag lady
Bakers dozen,N/A,N/A,Bakers dozen
Barking up the wrong tree,N/A,N/A,Barking up the wrong tree
Barnet fair,N/A,N/A,Barnet fair
Basket case,N/A,N/A,Basket case
Bat from the pavilion end,N/A,N/A,Bat from the pavilion end
Be a sport,N/A,N/A,Be a sport
Be glad to see the back of,N/A,N/A,Be glad to see the back of
Beach bum,N/A,N/A,Beach bum
Bean counter,N/A,N/A,Bean counter
Beauty contest,N/A,N/A,Beauty contest
Bedroom tax,N/A,N/A,Bedroom tax
Bells and whistles,N/A,N/A,Bells and whistles
Bend over backwards,N/A,N/A,Bend over backwards
Between the wars,N/A,N/A,Between the wars
Beyond price,N/A,N/A,Beyond price
Biblical,N/A,N/A,Biblical
Big fish in a small pond,N/A,N/A,Big fish in a small pond
Binge watch,N/A,N/A,Binge watch
Bitch slap,N/A,N/A,Bitch slap
Bite off more than you can chew,N/A,N/A,Bite off more than you can chew
Bite your tongue,N/A,N/A,Bite your tongue
Blood blister,N/A,N/A,Blood blister
Blood is thicker than water,N/A,N/A,Blood is thicker than water
Blow a raspberry,N/A,N/A,Blow a raspberry
Blue,N/A,N/A,Blue
Blue plate special,N/A,N/A,Blue plate special
Boat race,N/A,N/A,Boat race
Body,N/A,N/A,Body
Bottle and glass,N/A,N/A,Bottle and glass
Bought the farm,N/A,N/A,Bought the farm
Brahms and lizst,N/A,N/A,Brahms and lizst
Brass monkey weather,N/A,N/A,Brass monkey weather
Brass tacks,N/A,N/A,Brass tacks
Break a leg,N/A,N/A,Break a leg
Breast is best,N/A,N/A,Breast is best
Brighton pier,N/A,N/A,Brighton pier
Bring your a game,N/A,N/A,Bring your a game
Brown bread,N/A,N/A,Brown bread
Brown out,N/A,N/A,Brown out
Brum brum,N/A,N/A,Brum brum
Bucket list,N/A,N/A,Bucket list
Building,N/A,N/A,Building
Business,N/A,N/A,Business
Bust a move,N/A,N/A,Bust a move
Buy a lemon,N/A,N/A,Buy a lemon
Calendar year,N/A,N/A,Calendar year
Cant cut the mustard,N/A,N/A,Cant cut the mustard
Canteen culture,N/A,N/A,Canteen culture
Carbon footprint,N/A,N/A,Carbon footprint
Carpe diem,N/A,N/A,Carpe diem
Cast iron stomach,N/A,N/A,Cast iron stomach
Caught between two stools,N/A,N/A,Caught between two stools
Caught by the short hairs,N/A,N/A,Caught by the short hairs
Chaise lounge,N/A,N/A,Chaise lounge
Charley horse,N/A,N/A,Charley horse
Chasing tail,N/A,N/A,Chasing tail
Cherry ripe,N/A,N/A,Cherry ripe
Chicken feed,N/A,N/A,Chicken feed
Childhood,N/A,N/A,Childhood
Children,N/A,N/A,Children
Children should be seen and not heard,N/A,N/A,Children should be seen and not heard
China plate,N/A,N/A,China plate
Chow down,N/A,N/A,Chow down
City bike,N/A,N/A,City bike
Cliche,N/A,N/A,Cliche
Click bait,N/A,N/A,Click bait
Clock,N/A,N/A,Clock
Close but no cigar,N/A,N/A,Close but no cigar
Clothes,N/A,N/A,Clothes
Cloud cuckoo land,N/A,N/A,Cloud cuckoo land
Cock and bull story,N/A,N/A,Cock and bull story
Cockney rhyming slang,N/A,N/A,Cockney rhyming slang
Code monkey,N/A,N/A,Code monkey
Colour,N/A,N/A,Colour
Comedy,N/A,N/A,Comedy
Comfort women,N/A,N/A,Comfort women
Company man,N/A,N/A,Company man
Conflict,N/A,N/A,Conflict
Cop an attitude,N/A,N/A,Cop an attitude
Corduroy road,N/A,N/A,Corduroy road
Country,N/A,N/A,Country
Country house hotel,N/A,N/A,Country house hotel
Crack someone up,N/A,N/A,Crack someone up
Cream crackered,N/A,N/A,Cream crackered
Crime,N/A,N/A,Crime
Cross that bridge when you come to it,N/A,N/A,Cross that bridge when you come to it
Cross your fingers,N/A,N/A,Cross your fingers
Crunch time,N/A,N/A,Crunch time
Curiosity killed the cat,N/A,N/A,Curiosity killed the cat
Currant bun,N/A,N/A,Currant bun
Daily grind,N/A,N/A,Daily grind
Daisy roots,N/A,N/A,Daisy roots
Dance,N/A,N/A,Dance
Date,N/A,N/A,Date
Date rape,N/A,N/A,Date rape
Day surgery,N/A,N/A,Day surgery
Daylight saving time,N/A,N/A,Daylight saving time
Dead ringer,N/A,N/A,Dead ringer
Dead white european male,N/A,N/A,Dead white european male
Death,N/A,N/A,Death
Designated driver,N/A,N/A,Designated driver
Dial down,N/A,N/A,Dial down
Dicky dirt,N/A,N/A,Dicky dirt
Discussing uganda,N/A,N/A,Discussing uganda
Disgust,N/A,N/A,Disgust
Dog and bone,N/A,N/A,Dog and bone
Dog days of summer,N/A,N/A,Dog days of summer
Donkeys years,N/A,N/A,Donkeys years
Dont bite the hand that feeds you,N/A,N/A,Dont bite the hand that feeds you
Dont count your chickens before they hatch,N/A,N/A,Dont count your chickens before they hatch
Dont cry over spilt milk,N/A,N/A,Dont cry over spilt milk
Dont give up the day job,N/A,N/A,Dont give up the day job
Dont look a gift horse in the mouth,N/A,N/A,Dont look a gift horse in the mouth
Dont put all your eggs in one basket,N/A,N/A,Dont put all your eggs in one basket
Double denim,N/A,N/A,Double denim
Double header,N/A,N/A,Double header
Drink,N/A,N/A,Drink
Drink like a fish,N/A,N/A,Drink like a fish
Dropping like flies,N/A,N/A,Dropping like flies
Duvet day,N/A,N/A,Duvet day
Ear popping,N/A,N/A,Ear popping
Easy peasy,N/A,N/A,Easy peasy
Education,N/A,N/A,Education
Effort,N/A,N/A,Effort
Eighty six,N/A,N/A,Eighty six
Elbow grease,N/A,N/A,Elbow grease
Elephants trunk,N/A,N/A,Elephants trunk
Elvis has left the building,N/A,N/A,Elvis has left the building
Emotion,N/A,N/A,Emotion
Employment,N/A,N/A,Employment
Enhanced interrogation techniques,N/A,N/A,Enhanced interrogation techniques
Ethnic cleansing,N/A,N/A,Ethnic cleansing
Euphemism,N/A,N/A,Euphemism
Every cloud has a silver lining,N/A,N/A,Every cloud has a silver lining
Evil twin,N/A,N/A,Evil twin
Excellence,N/A,N/A,Excellence
Excess,N/A,N/A,Excess
Excuse my french,N/A,N/A,Excuse my french
Eyebrow raising,N/A,N/A,Eyebrow raising
Face card,N/A,N/A,Face card
Factory farming,N/A,N/A,Factory farming
Failure,N/A,N/A,Failure
Fairytale ending,N/A,N/A,Fairytale ending
Family,N/A,N/A,Family
Far cry from,N/A,N/A,Far cry from
Fashion,N/A,N/A,Fashion
Feeding frenzy,N/A,N/A,Feeding frenzy
Fell off the back of a lorry,N/A,N/A,Fell off the back of a lorry
Fiddlesticks,N/A,N/A,Fiddlesticks
Field day,N/A,N/A,Field day
Find your feet,N/A,N/A,Find your feet
Fire the imagination,N/A,N/A,Fire the imagination
First among equals,N/A,N/A,First among equals
First footing,N/A,N/A,First footing
First world,N/A,N/A,First world
First world problem,N/A,N/A,First world problem
Fixed in your ways,N/A,N/A,Fixed in your ways
Flea market,N/A,N/A,Flea market
Flea pit,N/A,N/A,Flea pit
Flip the bird,N/A,N/A,Flip the bird
Flog a dead horse,N/A,N/A,Flog a dead horse
Food,N/A,N/A,Food
Food fight,N/A,N/A,Food fight
Fools gold,N/A,N/A,Fools gold
French,N/A,N/A,French
Frock up,N/A,N/A,Frock up
Frog and toad,N/A,N/A,Frog and toad
Fruit,N/A,N/A,Fruit
Fuddy duddy,N/A,N/A,Fuddy duddy
Full monty,N/A,N/A,Full monty
Funny farm,N/A,N/A,Funny farm
Gee gee,N/A,N/A,Gee gee
Gender bender,N/A,N/A,Gender bender
George raft,N/A,N/A,George raft
Get a gold star,N/A,N/A,Get a gold star
Get on board,N/A,N/A,Get on board
Get out of hand,N/A,N/A,Get out of hand
Get over it,N/A,N/A,Get over it
Get your head around,N/A,N/A,Get your head around
Ginger beer,N/A,N/A,Ginger beer
Give him an inch and hell take a mile,N/A,N/A,Give him an inch and hell take a mile
Give the benefit of the doubt,N/A,N/A,Give the benefit of the doubt
Give the slip,N/A,N/A,Give the slip
Glass ceiling,N/A,N/A,Glass ceiling
Gnats bollock,N/A,N/A,Gnats bollock
Go ape shit,N/A,N/A,Go ape shit
Go belly up,N/A,N/A,Go belly up
Go down like a lead balloon,N/A,N/A,Go down like a lead balloon
Go out on a limb,N/A,N/A,Go out on a limb
Going to hell in a handbasket,N/A,N/A,Going to hell in a handbasket
Good samaritan,N/A,N/A,Good samaritan
Graveyard shift,N/A,N/A,Graveyard shift
Greasy spoon,N/A,N/A,Greasy spoon
Great minds think alike,N/A,N/A,Great minds think alike
Great scot,N/A,N/A,Great scot
Greek origin,N/A,N/A,Greek origin
Gregory peck,N/A,N/A,Gregory peck
Habit,N/A,N/A,Habit
Had a good war,N/A,N/A,Had a good war
Hair,N/A,N/A,Hair
Hair of the dog,N/A,N/A,Hair of the dog
Half inch,N/A,N/A,Half inch
Happiness,N/A,N/A,Happiness
Happy sad,N/A,N/A,Happy sad
Harry spankers,N/A,N/A,Harry spankers
Haste makes waste,N/A,N/A,Haste makes waste
Hat trick,N/A,N/A,Hat trick
Have a blast,N/A,N/A,Have a blast
Have a captain cook,N/A,N/A,Have a captain cook
He makes my flesh (or skin) crawl (or creep),N/A,N/A,He makes my flesh (or skin) crawl (or creep)
Head over heels,N/A,N/A,Head over heels
Hear it on the grapevine,N/A,N/A,Hear it on the grapevine
Heebie jeebies,N/A,N/A,Heebie jeebies
Hell bent,N/A,N/A,Hell bent
Help yourself,N/A,N/A,Help yourself
Hidden in plain sight,N/A,N/A,Hidden in plain sight
High and mighty,N/A,N/A,High and mighty
High on the hog,N/A,N/A,High on the hog
High season,N/A,N/A,High season
Hit the nail on the head,N/A,N/A,Hit the nail on the head
Hobsons choice,N/A,N/A,Hobsons choice
Hocus pocus,N/A,N/A,Hocus pocus
Hold your horses,N/A,N/A,Hold your horses
Holy shit,N/A,N/A,Holy shit
Honesty,N/A,N/A,Honesty
Household items,N/A,N/A,Household items
Hyperbole,N/A,N/A,Hyperbole
I cant be doing with it,N/A,N/A,I cant be doing with it
I cant think straight,N/A,N/A,I cant think straight
Idiom categories,N/A,N/A,Idiom categories
Idioms coined in Britain,N/A,N/A,Idioms coined in Britain
Idioms coined in the USA,N/A,N/A,Idioms coined in the USA
"If its not one thing, its another",N/A,N/A,"If its not one thing, its another"
In cahoots with,N/A,N/A,In cahoots with
In like flynn,N/A,N/A,In like flynn
In the bag,N/A,N/A,In the bag
In the heat of the moment,N/A,N/A,In the heat of the moment
In the same boat,N/A,N/A,In the same boat
In your face,N/A,N/A,In your face
Inside job,N/A,N/A,Inside job
It never rains but it pours,N/A,N/A,It never rains but it pours
It takes two to tango,N/A,N/A,It takes two to tango
Its a small world,N/A,N/A,Its a small world
Its all gone pete tong,N/A,N/A,Its all gone pete tong
Its not rocket science,N/A,N/A,Its not rocket science
Ivy league,N/A,N/A,Ivy league
Jack palancing,N/A,N/A,Jack palancing
Jam jar,N/A,N/A,Jam jar
Jelly belly,N/A,N/A,Jelly belly
Jimmy riddle,N/A,N/A,Jimmy riddle
Joke,N/A,N/A,Joke
Joshing me,N/A,N/A,Joshing me
Jump the shark,N/A,N/A,Jump the shark
Just deserts,N/A,N/A,Just deserts
Keep an eye on,N/A,N/A,Keep an eye on
Keep at bay,N/A,N/A,Keep at bay
Keep your chin up,N/A,N/A,Keep your chin up
Khyber pass,N/A,N/A,Khyber pass
Knee jerk reaction,N/A,N/A,Knee jerk reaction
Knee trembler,N/A,N/A,Knee trembler
Lame duck,N/A,N/A,Lame duck
Language,N/A,N/A,Language
Last straw,N/A,N/A,Last straw
Latin,N/A,N/A,Latin
Legal,N/A,N/A,Legal
Lend me your ear,N/A,N/A,Lend me your ear
Let bygones be bygones,N/A,N/A,Let bygones be bygones
Let sleeping dogs lie,N/A,N/A,Let sleeping dogs lie
Let your hair down,N/A,N/A,Let your hair down
Lets rewind,N/A,N/A,Lets rewind
Level playing field,N/A,N/A,Level playing field
Like a chicken with its head cut off,N/A,N/A,Like a chicken with its head cut off
Link farm,N/A,N/A,Link farm
Link rot,N/A,N/A,Link rot
Liquor someone up,N/A,N/A,Liquor someone up
Little devil,N/A,N/A,Little devil
Little fish in a big pond,N/A,N/A,Little fish in a big pond
Loaf of bread,N/A,N/A,Loaf of bread
Location,N/A,N/A,Location
Long in the tooth,N/A,N/A,Long in the tooth
Loose cannon,N/A,N/A,Loose cannon
Lord fred,N/A,N/A,Lord fred
Lose your head,N/A,N/A,Lose your head
Lose your touch,N/A,N/A,Lose your touch
Luck,N/A,N/A,Luck
Madness,N/A,N/A,Madness
Magic mushroom,N/A,N/A,Magic mushroom
Make no bones about,N/A,N/A,Make no bones about
Man cave,N/A,N/A,Man cave
Many happy returns,N/A,N/A,Many happy returns
Mates rates,N/A,N/A,Mates rates
Mea culpa,N/A,N/A,Mea culpa
Medical,N/A,N/A,Medical
Mellow yellow,N/A,N/A,Mellow yellow
Men in suits,N/A,N/A,Men in suits
Method to my madness,N/A,N/A,Method to my madness
Military,N/A,N/A,Military
Mince pies,N/A,N/A,Mince pies
Mind your language,N/A,N/A,Mind your language
Misfortune,N/A,N/A,Misfortune
Money,N/A,N/A,Money
Mrs mop,N/A,N/A,Mrs mop
Mumbo jumbo,N/A,N/A,Mumbo jumbo
Mums the word,N/A,N/A,Mums the word
Music,N/A,N/A,Music
Mutt and jeff,N/A,N/A,Mutt and jeff
My old china,N/A,N/A,My old china
My old dutch,N/A,N/A,My old dutch
Nail it,N/A,N/A,Nail it
Name,N/A,N/A,Name
Nature,N/A,N/A,Nature
Nautical,N/A,N/A,Nautical
Nest egg,N/A,N/A,Nest egg
Never never land,N/A,N/A,Never never land
New arrival,N/A,N/A,New arrival
New kid on the block,N/A,N/A,New kid on the block
New york minute,N/A,N/A,New york minute
Nine to five,N/A,N/A,Nine to five
Nip slip,N/A,N/A,Nip slip
Nitty gritty,N/A,N/A,Nitty gritty
No dice,N/A,N/A,No dice
No room to swing a cat,N/A,N/A,No room to swing a cat
No rush,N/A,N/A,No rush
No saint,N/A,N/A,No saint
Nonsense,N/A,N/A,Nonsense
North and south,N/A,N/A,North and south
Not playing with a full deck,N/A,N/A,Not playing with a full deck
Number,N/A,N/A,Number
Off ones rocker,N/A,N/A,Off ones rocker
Off the hook,N/A,N/A,Off the hook
Old chestnut,N/A,N/A,Old chestnut
On a hiding to nothing,N/A,N/A,On a hiding to nothing
On a wing and a prayer,N/A,N/A,On a wing and a prayer
On the fence,N/A,N/A,On the fence
On the record,N/A,N/A,On the record
On the same page,N/A,N/A,On the same page
On your tod,N/A,N/A,On your tod
Open warfare,N/A,N/A,Open warfare
Partner up,N/A,N/A,Partner up
Patience,N/A,N/A,Patience
Peachy keen,N/A,N/A,Peachy keen
Pedal to the metal,N/A,N/A,Pedal to the metal
Peeping tom,N/A,N/A,Peeping tom
Peg out,N/A,N/A,Peg out
Pen and ink,N/A,N/A,Pen and ink
Perfect pitch,N/A,N/A,Perfect pitch
Phone it in,N/A,N/A,Phone it in
Photo bomb,N/A,N/A,Photo bomb
Pig out,N/A,N/A,Pig out
Pigs ear,N/A,N/A,Pigs ear
Pigs might fly,N/A,N/A,Pigs might fly
Place,N/A,N/A,Place
Plates of meat,N/A,N/A,Plates of meat
Play devils advocate,N/A,N/A,Play devils advocate
Play safe,N/A,N/A,Play safe
Politics,N/A,N/A,Politics
Pommy bashing,N/A,N/A,Pommy bashing
Porky pies,N/A,N/A,Porky pies
Potatoes (or taters) in the mould,N/A,N/A,Potatoes (or taters) in the mould
Potty mouth,N/A,N/A,Potty mouth
Practice makes perfect,N/A,N/A,Practice makes perfect
Prick up your ears,N/A,N/A,Prick up your ears
Pride,N/A,N/A,Pride
Proverb,N/A,N/A,Proverb
Proverbial,N/A,N/A,Proverbial
Pull the plug,N/A,N/A,Pull the plug
Pull the wool over someones eyes,N/A,N/A,Pull the wool over someones eyes
Pull your horns in,N/A,N/A,Pull your horns in
Pulling your leg,N/A,N/A,Pulling your leg
Put a sock in it,N/A,N/A,Put a sock in it
Quality time,N/A,N/A,Quality time
Queer bashing,N/A,N/A,Queer bashing
Queer street,N/A,N/A,Queer street
Queer the pitch,N/A,N/A,Queer the pitch
Rabbit and pork,N/A,N/A,Rabbit and pork
Rags to riches,N/A,N/A,Rags to riches
Raining cats and dogs,N/A,N/A,Raining cats and dogs
Red letter day,N/A,N/A,Red letter day
Reduplication,N/A,N/A,Reduplication
Relaxation,N/A,N/A,Relaxation
Religion,N/A,N/A,Religion
Rest up,N/A,N/A,Rest up
Revenge porn,N/A,N/A,Revenge porn
Riding shotgun,N/A,N/A,Riding shotgun
Ring fencing,N/A,N/A,Ring fencing
Rise and shine,N/A,N/A,Rise and shine
Risk,N/A,N/A,Risk
Rome was not built in one day,N/A,N/A,Rome was not built in one day
Rosie lea,N/A,N/A,Rosie lea
Rubbish,N/A,N/A,Rubbish
Ruby murray,N/A,N/A,Ruby murray
Rule of thumb,N/A,N/A,Rule of thumb
Run out of steam,N/A,N/A,Run out of steam
Sad ass,N/A,N/A,Sad ass
Salad days,N/A,N/A,Salad days
Scarper flow,N/A,N/A,Scarper flow
Science,N/A,N/A,Science
Scot free,N/A,N/A,Scot free
Scrape together,N/A,N/A,Scrape together
Scrub up,N/A,N/A,Scrub up
Secrets,N/A,N/A,Secrets
See eye to eye,N/A,N/A,See eye to eye
Sex,N/A,N/A,Sex
Sexton blake,N/A,N/A,Sexton blake
Shakespeare,N/A,N/A,Shakespeare
Shoot down in flames,N/A,N/A,Shoot down in flames
Shoot straight,N/A,N/A,Shoot straight
Shoot through,N/A,N/A,Shoot through
Shovel ready,N/A,N/A,Shovel ready
Side boob,N/A,N/A,Side boob
Silver bullet,N/A,N/A,Silver bullet
Silver fox,N/A,N/A,Silver fox
Silver surfer,N/A,N/A,Silver surfer
Silver threads amongst the gold,N/A,N/A,Silver threads amongst the gold
Silver tongued,N/A,N/A,Silver tongued
Skid row,N/A,N/A,Skid row
Slang,N/A,N/A,Slang
Smell something fishy,N/A,N/A,Smell something fishy
Sniff test,N/A,N/A,Sniff test
Sparrow fart,N/A,N/A,Sparrow fart
Spitting image,N/A,N/A,Spitting image
Spoiler alert,N/A,N/A,Spoiler alert
Sport,N/A,N/A,Sport
Steal someones thunder,N/A,N/A,Steal someones thunder
Step up to the mark,N/A,N/A,Step up to the mark
Stitch up,N/A,N/A,Stitch up
Straight from the horses mouth,N/A,N/A,Straight from the horses mouth
Stranger things have happened,N/A,N/A,Stranger things have happened
Stupidity,N/A,N/A,Stupidity
Success,N/A,N/A,Success
Suck it up,N/A,N/A,Suck it up
Surprise,N/A,N/A,Surprise
Swing by,N/A,N/A,Swing by
Swipe right,N/A,N/A,Swipe right
Sympathy,N/A,N/A,Sympathy
Syrup of figs,N/A,N/A,Syrup of figs
Take a butchers,N/A,N/A,Take a butchers
Take a raincheck,N/A,N/A,Take a raincheck
Take with a grain of salt,N/A,N/A,Take with a grain of salt
Talk of the devil,N/A,N/A,Talk of the devil
Tea leaf,N/A,N/A,Tea leaf
Technology,N/A,N/A,Technology
That friday feeling,N/A,N/A,That friday feeling
That sucks,N/A,N/A,That sucks
The acid test,N/A,N/A,The acid test
The apple of my eye,N/A,N/A,The apple of my eye
The author of your own misfortune,N/A,N/A,The author of your own misfortune
The ball is in your court,N/A,N/A,The ball is in your court
The best of both worlds,N/A,N/A,The best of both worlds
The best thing since sliced bread,N/A,N/A,The best thing since sliced bread
The big pond,N/A,N/A,The big pond
The bull in the bowler hat,N/A,N/A,The bull in the bowler hat
The empty chair,N/A,N/A,The empty chair
The fog of war,N/A,N/A,The fog of war
The glorious twelfth,N/A,N/A,The glorious twelfth
The god squad,N/A,N/A,The god squad
The human body,N/A,N/A,The human body
The icing on the cake,N/A,N/A,The icing on the cake
The last straw,N/A,N/A,The last straw
The sound of leather on willow,N/A,N/A,The sound of leather on willow
The town bike,N/A,N/A,The town bike
The wheels have come off,N/A,N/A,The wheels have come off
The whole nine yards,N/A,N/A,The whole nine yards
Theatre,N/A,N/A,Theatre
Third time lucky,N/A,N/A,Third time lucky
Third times a charm,N/A,N/A,Third times a charm
Throw the towel in,N/A,N/A,Throw the towel in
Til the cows come home,N/A,N/A,Til the cows come home
Time,N/A,N/A,Time
Titfer tat,N/A,N/A,Titfer tat
To cut a long story short,N/A,N/A,To cut a long story short
Tongue in cheek,N/A,N/A,Tongue in cheek
Tool,N/A,N/A,Tool
Top banana,N/A,N/A,Top banana
Tour de force,N/A,N/A,Tour de force
Toy boy,N/A,N/A,Toy boy
Travel,N/A,N/A,Travel
Trickery,N/A,N/A,Trickery
Trouble and strife,N/A,N/A,Trouble and strife
Turn a blind eye,N/A,N/A,Turn a blind eye
Twenty three skidoo,N/A,N/A,Twenty three skidoo
Twist someones arm,N/A,N/A,Twist someones arm
Two and eight,N/A,N/A,Two and eight
Types of Phrase,N/A,N/A,Types of Phrase
Uncle dick,N/A,N/A,Uncle dick
Uncle tom,N/A,N/A,Uncle tom
Unlucky in love,N/A,N/A,Unlucky in love
Up shit creek without a paddle,N/A,N/A,Up shit creek without a paddle
Ups a daisy,N/A,N/A,Ups a daisy
Us versus them,N/A,N/A,Us versus them
Use your loaf,N/A,N/A,Use your loaf
Van goghs ear for music,N/A,N/A,Van goghs ear for music
Variety is the spice of life,N/A,N/A,Variety is the spice of life
Vatican roulette,N/A,N/A,Vatican roulette
Veg out,N/A,N/A,Veg out
Vehicle,N/A,N/A,Vehicle
‘Worldwide’ Idioms,N/A,N/A,‘Worldwide’ Idioms
Wardrobe malfunction,N/A,N/A,Wardrobe malfunction
Washed up,N/A,N/A,Washed up
Water,N/A,N/A,Water
Wear your heart on your sleeve,N/A,N/A,Wear your heart on your sleeve
Weather,N/A,N/A,Weather
Well hung,N/A,N/A,Well hung
Where theres muck theres brass,N/A,N/A,Where theres muck theres brass
Whipper snapper,N/A,N/A,Whipper snapper
Whistle and flute,N/A,N/A,Whistle and flute
Wild and woolly,N/A,N/A,Wild and woolly
Wind someone up,N/A,N/A,Wind someone up
Wine and dine,N/A,N/A,Wine and dine
Winter drawers on,N/A,N/A,Winter drawers on
Work,N/A,N/A,Work
Worse for wear,N/A,N/A,Worse for wear
Would you adam and eve it,N/A,N/A,Would you adam and eve it
Wouldnt be caught dead,N/A,N/A,Wouldnt be caught dead
Yarn bombing,N/A,N/A,Yarn bombing
Yellow belly,N/A,N/A,Yellow belly
You are what you eat,N/A,N/A,You are what you eat
You can lead a horse to water,N/A,N/A,You can lead a horse to water
You cant judge a book by its cover,N/A,N/A,You cant judge a book by its cover
You cant take it with you,N/A,N/A,You cant take it with you
You cant teach an old dog new tricks,N/A,N/A,You cant teach an old dog new tricks
Your guess is as good as mine,N/A,N/A,Your guess is as good as mine
Your name is mud,N/A,N/A,Your name is mud
Your number is up,N/A,N/A,Your number is up
Zip your lip,N/A,N/A,Zip your lip
